Date,Close,Log return,,,
2018/1/1,13657.2002,0.08,,,autocorrelation (lag1)
2018/1/2,14982.09961,0.092589259,,train,-0.048861118
2018/1/3,15201,0.014505086,,test,-0.0811841
2018/1/4,15599.2002,0.025858429,,whole,-0.054283521
2018/1/5,17429.5,0.110944529,,,
2018/1/6,17527,0.005578376,,,
2018/1/7,16477.59961,-0.06174069,,,
2018/1/8,15170.09961,-0.0826755,,,
2018/1/9,14595.40039,-0.038619922,,,
2018/1/10,14973.29981,0.025562165,,,
2018/1/11,13405.79981,-0.110581167,,,
2018/1/12,13980.59961,0.041983191,,,
2018/1/13,14360.2002,0.026789879,,,
2018/1/14,13772,-0.04182296,,,
2018/1/15,13819.79981,0.003464787,,,
2018/1/16,11490.5,-0.184581726,,,
2018/1/17,11188.59961,-0.026625239,,,
2018/1/18,11474.90039,0.025266707,,,
2018/1/19,11607.40039,0.011480784,,,
2018/1/20,12899.2002,0.10552245,,,
2018/1/21,11600.09961,-0.106151624,,,
2018/1/22,10931.40039,-0.059374268,,,
2018/1/23,10868.40039,-0.005779885,,,
2018/1/24,11359.40039,0.044186097,,,
2018/1/25,11259.40039,-0.008842259,,,
2018/1/26,11171.40039,-0.007846394,,,
2018/1/27,11440.7002,0.023820215,,,
2018/1/28,11786.29981,0.029760634,,,
2018/1/29,11296.40039,-0.042453698,,,
2018/1/30,10106.29981,-0.111325152,,,
2018/1/31,10221.09961,0.0112952,,,
2018/2/1,9170.540039,-0.108457996,,,
2018/2/2,8830.75,-0.037756228,,,
2018/2/3,9174.910156,0.038232653,,,
2018/2/4,8277.009766,-0.102990838,,,
2018/2/5,6955.27002,-0.173982115,,,
2018/2/6,7754,0.108709191,,,
2018/2/7,7621.299805,-0.017261906,,,
2018/2/8,8265.589844,0.081154162,,,
2018/2/9,8736.980469,0.055463551,,,
2018/2/10,8621.900391,-0.013259123,,,
2018/2/11,8129.970215,-0.058748263,,,
2018/2/12,8926.570313,0.093474998,,,
2018/2/13,8598.30957,-0.037466635,,,
2018/2/14,9494.629883,0.099160741,,,
2018/2/15,10166.40039,0.06836184,,,
2018/2/16,10233.90039,0.006617574,,,
2018/2/17,11112.7002,0.082382839,,,
2018/2/18,10551.79981,-0.051792173,,,
2018/2/19,11225.29981,0.061873699,,,
2018/2/20,11403.7002,0.015767739,,,
2018/2/21,10690.40039,-0.064591703,,,
2018/2/22,10005,-0.066261211,,,
2018/2/23,10301.09961,0.02916568,,,
2018/2/24,9813.070313,-0.048535445,,,
2018/2/25,9664.730469,-0.015231978,,,
2018/2/26,10366.7002,0.07011554,,,
2018/2/27,10725.59961,0.034034606,,,
2018/2/28,10397.90039,-0.031029471,,,
2018/3/1,10951,0.051826876,,,
2018/3/2,11086.40039,0.012288391,,,
2018/3/3,11489.7002,0.035731832,,,
2018/3/4,11512.59961,0.001991055,,,
2018/3/5,11573.29981,0.005258651,,,
2018/3/6,10779.90039,-0.071017379,,,
2018/3/7,9965.570313,-0.078547142,,,
2018/3/8,9395.009766,-0.058957511,,,
2018/3/9,9337.549805,-0.006134788,,,
2018/3/10,8866,-0.051820148,,,
2018/3/11,9578.629883,0.077310827,,,
2018/3/12,9205.120117,-0.0397747,,,
2018/3/13,9194.849609,-0.001116362,,,
2018/3/14,8269.80957,-0.10603202,,,
2018/3/15,8300.860352,0.003747684,,,
2018/3/16,8338.349609,0.004506142,,,
2018/3/17,7916.879883,-0.051868134,,,
2018/3/18,8223.679688,0.038020585,,,
2018/3/19,8630.650391,0.048302107,,,
2018/3/20,8913.469727,0.032243719,,,
2018/3/21,8929.280273,0.00177221,,,
2018/3/22,8728.469727,-0.02274573,,,
2018/3/23,8879.620117,0.017168711,,,
2018/3/24,8668.120117,-0.024106835,,,
2018/3/25,8495.780273,-0.020082339,,,
2018/3/26,8209.400391,-0.034289715,,,
2018/3/27,7833.040039,-0.046929197,,,
2018/3/28,7954.47998,0.015384599,,,
2018/3/29,7165.700195,-0.104429509,,,
2018/3/30,6890.52002,-0.039159224,,,
2018/3/31,6973.529785,0.011974965,,,
2018/4/1,6844.22998,-0.018715563,,,
2018/4/2,7083.799805,0.034404501,,,
2018/4/3,7456.109863,0.051223353,,,
2018/4/4,6853.839844,-0.084224756,,,
2018/4/5,6811.470215,-0.006201069,,,
2018/4/6,6636.319824,-0.026050421,,,
2018/4/7,6911.089844,0.040569779,,,
2018/4/8,7023.52002,0.016137175,,,
2018/4/9,6770.72998,-0.036655613,,,
2018/4/10,6834.759766,0.009412415,,,
2018/4/11,6968.319824,0.019352816,,,
2018/4/12,7889.25,0.124126936,,,
2018/4/13,7895.959961,0.000850158,,,
2018/4/14,7986.240234,0.011368859,,,
2018/4/15,8329.110352,0.04203656,,,
2018/4/16,8058.669922,-0.033008129,,,
2018/4/17,7902.089844,-0.019621259,,,
2018/4/18,8163.419922,0.032535928,,,
2018/4/19,8294.30957,0.015906496,,,
2018/4/20,8845.830078,0.064376485,,,
2018/4/21,8895.580078,0.005608363,,,
2018/4/22,8802.459961,-0.010523309,,,
2018/4/23,8930.879883,0.014483698,,,
2018/4/24,9697.5,0.082353199,,,
2018/4/25,8845.740234,-0.091932107,,,
2018/4/26,9281.509766,0.04808821,,,
2018/4/27,8987.049805,-0.032239593,,,
2018/4/28,9348.480469,0.039429183,,,
2018/4/29,9419.080078,0.007523614,,,
2018/4/30,9240.549805,-0.019136041,,,
2018/5/1,9119.009766,-0.013240167,,,
2018/5/2,9235.919922,0.012739001,,,
2018/5/3,9743.860352,0.053537158,,,
2018/5/4,9700.759766,-0.00443317,,,
2018/5/5,9858.150391,0.016094355,,,
2018/5/6,9654.799805,-0.020843383,,,
2018/5/7,9373.009766,-0.029620923,,,
2018/5/8,9234.820313,-0.014853101,,,
2018/5/9,9325.179688,0.009737079,,,
2018/5/10,9043.94043,-0.030623267,,,
2018/5/11,8441.490234,-0.068936107,,,
2018/5/12,8504.889648,0.00748239,,,
2018/5/13,8723.94043,0.025429769,,,
2018/5/14,8716.790039,-0.000819965,,,
2018/5/15,8510.379883,-0.023964474,,,
2018/5/16,8368.830078,-0.016772482,,,
2018/5/17,8094.319824,-0.03335154,,,
2018/5/18,8250.969727,0.019168177,,,
2018/5/19,8247.179688,-0.00045945,,,
2018/5/20,8513.25,0.031752487,,,
2018/5/21,8418.990234,-0.011133877,,,
2018/5/22,8041.779785,-0.045839471,,,
2018/5/23,7557.819824,-0.062067659,,,
2018/5/24,7587.339844,0.003898283,,,
2018/5/25,7480.140137,-0.014229522,,,
2018/5/26,7355.879883,-0.016751549,,,
2018/5/27,7368.220215,0.001676209,,,
2018/5/28,7135.990234,-0.03202516,,,
2018/5/29,7472.589844,0.046090612,,,
2018/5/30,7406.52002,-0.008880942,,,
2018/5/31,7494.169922,0.011764678,,,
2018/6/1,7541.450195,0.006289123,,,
2018/6/2,7643.450195,0.0134346,,,
2018/6/3,7720.25,0.009997649,,,
2018/6/4,7514.470215,-0.027016223,,,
2018/6/5,7633.759766,0.015749961,,,
2018/6/6,7653.97998,0.002645287,,,
2018/6/7,7678.240234,0.003164613,,,
2018/6/8,7624.919922,-0.006968564,,,
2018/6/9,7531.97998,-0.012263868,,,
2018/6/10,6786.02002,-0.104293336,,,
2018/6/11,6906.919922,0.01765918,,,
2018/6/12,6582.359863,-0.048130473,,,
2018/6/13,6349.899902,-0.035954274,,,
2018/6/14,6675.350098,0.049982603,,,
2018/6/15,6456.580078,-0.033321874,,,
2018/6/16,6550.160156,0.014389723,,,
2018/6/17,6499.27002,-0.007799635,,,
2018/6/18,6734.819824,0.035601191,,,
2018/6/19,6769.939941,0.005201158,,,
2018/6/20,6776.549805,0.000975879,,,
2018/6/21,6729.740234,-0.006931549,,,
2018/6/22,6083.689941,-0.100925135,,,
2018/6/23,6162.47998,0.012867881,,,
2018/6/24,6173.22998,0.001742908,,,
2018/6/25,6249.180176,0.012228085,,,
2018/6/26,6093.669922,-0.025199769,,,
2018/6/27,6157.129883,0.010360226,,,
2018/6/28,5903.439941,-0.042075519,,,
2018/6/29,6218.299805,0.051961304,,,
2018/6/30,6404,0.029426269,,,
2018/7/1,6385.819824,-0.002842915,,,
2018/7/2,6614.180176,0.035135976,,,
2018/7/3,6529.589844,-0.012871726,,,
2018/7/4,6597.549805,0.010354208,,,
2018/7/5,6639.140137,0.006284119,,,
2018/7/6,6673.5,0.005162002,,,
2018/7/7,6856.930176,0.027115385,,,
2018/7/8,6773.879883,-0.012185823,,,
2018/7/9,6741.75,-0.004754487,,,
2018/7/10,6329.950195,-0.063027167,,,
2018/7/11,6394.709961,0.010178712,,,
2018/7/12,6228.810059,-0.026285767,,,
2018/7/13,6238.049805,0.001482289,,,
2018/7/14,6276.120117,0.006084372,,,
2018/7/15,6359.640137,0.01321982,,,
2018/7/16,6741.75,0.058347742,,,
2018/7/17,7321.040039,0.082432865,,,
2018/7/18,7370.779785,0.006771106,,,
2018/7/19,7466.859863,0.012951038,,,
2018/7/20,7354.129883,-0.0152125,,,
2018/7/21,7419.290039,0.008821326,,,
2018/7/22,7418.490234,-0.000107807,,,
2018/7/23,7711.109863,0.038686564,,,
2018/7/24,8424.269531,0.088454642,,,
2018/7/25,8181.390137,-0.02925469,,,
2018/7/26,7951.580078,-0.028491419,,,
2018/7/27,8165.009766,0.026487262,,,
2018/7/28,8192.150391,0.003318504,,,
2018/7/29,8218.459961,0.003206412,,,
2018/7/30,8180.47998,-0.004632013,,,
2018/7/31,7780.439941,-0.050137942,,,
2018/8/1,7624.910156,-0.020192345,,,
2018/8/2,7567.149902,-0.007604042,,,
2018/8/3,7434.390137,-0.017699947,,,
2018/8/4,7032.850098,-0.055524508,,,
2018/8/5,7068.47998,0.005053418,,,
2018/8/6,6951.799805,-0.01664487,,,
2018/8/7,6753.120117,-0.028995953,,,
2018/8/8,6305.799805,-0.068534824,,,
2018/8/9,6568.22998,0.040774573,,,
2018/8/10,6184.709961,-0.060164276,,,
2018/8/11,6295.72998,0.017791512,,,
2018/8/12,6322.689941,0.004273119,,,
2018/8/13,6297.569824,-0.003980924,,,
2018/8/14,6199.709961,-0.015661306,,,
2018/8/15,6308.52002,0.017398593,,,
2018/8/16,6334.72998,0.004146085,,,
2018/8/17,6580.629883,0.038083278,,,
2018/8/18,6423.759766,-0.024126888,,,
2018/8/19,6506.069824,0.012731981,,,
2018/8/20,6308.529785,-0.030832908,,,
2018/8/21,6488.759766,0.028168761,,,
2018/8/22,6376.709961,-0.017419129,,,
2018/8/23,6534.879883,0.024501682,,,
2018/8/24,6719.959961,0.02792823,,,
2018/8/25,6763.189941,0.006412467,,,
2018/8/26,6707.259766,-0.008304177,,,
2018/8/27,6884.640137,0.026102376,,,
2018/8/28,7096.279785,0.03027781,,,
2018/8/29,7047.160156,-0.006945952,,,
2018/8/30,6978.22998,-0.009829421,,,
2018/8/31,7037.580078,0.008469072,,,
2018/9/1,7193.25,0.021878714,,,
2018/9/2,7272.720215,0.010987305,,,
2018/9/3,7260.060059,-0.00174229,,,
2018/9/4,7361.660156,0.013897371,,,
2018/9/5,6792.830078,-0.080417816,,,
2018/9/6,6529.169922,-0.039587838,,,
2018/9/7,6467.069824,-0.009556698,,,
2018/9/8,6225.97998,-0.037992263,,,
2018/9/9,6300.859863,0.011955254,,,
2018/9/10,6329.700195,0.004566762,,,
2018/9/11,6321.200195,-0.001343778,,,
2018/9/12,6351.799805,0.004829112,,,
2018/9/13,6517.310059,0.025723517,,,
2018/9/14,6512.709961,-0.000706077,,,
2018/9/15,6543.200195,0.004670726,,,
2018/9/16,6517.180176,-0.003984578,,,
2018/9/17,6281.200195,-0.036880718,,,
2018/9/18,6371.299805,0.014242424,,,
2018/9/19,6398.540039,0.004266346,,,
2018/9/20,6519.669922,0.018753904,,,
2018/9/21,6734.950195,0.032486666,,,
2018/9/22,6721.97998,-0.001927664,,,
2018/9/23,6710.629883,-0.001689932,,,
2018/9/24,6595.410156,-0.017318843,,,
2018/9/25,6446.470215,-0.022841249,,,
2018/9/26,6495,0.007499923,,,
2018/9/27,6676.75,0.027598692,,,
2018/9/28,6644.129883,-0.004897602,,,
2018/9/29,6601.959961,-0.006367172,,,
2018/9/30,6625.560059,0.003568337,,,
2018/10/1,6589.620117,-0.005439204,,,
2018/10/2,6556.100098,-0.005099773,,,
2018/10/3,6502.589844,-0.008195394,,,
2018/10/4,6576.689941,0.011331035,,,
2018/10/5,6622.47998,0.006938349,,,
2018/10/6,6588.310059,-0.005173044,,,
2018/10/7,6602.950195,0.002219673,,,
2018/10/8,6652.22998,0.007435585,,,
2018/10/9,6642.640137,-0.001442638,,,
2018/10/10,6585.529785,-0.00863471,,,
2018/10/11,6256.240234,-0.051295382,,,
2018/10/12,6274.580078,0.00292716,,,
2018/10/13,6285.990234,0.001816822,,,
2018/10/14,6290.930176,0.000785557,,,
2018/10/15,6596.540039,0.047436334,,,
2018/10/16,6596.109863,-6.52E-05,,,
2018/10/17,6544.430176,-0.007865727,,,
2018/10/18,6476.709961,-0.010401674,,,
2018/10/19,6465.410156,-0.001746207,,,
2018/10/20,6489.189941,0.003671254,,,
2018/10/21,6482.350098,-0.001054592,,,
2018/10/22,6487.160156,0.000741749,,,
2018/10/23,6475.740234,-0.00176194,,,
2018/10/24,6495.839844,0.003099025,,,
2018/10/25,6476.290039,-0.003014126,,,
2018/10/26,6474.75,-0.000237825,,,
2018/10/27,6480.379883,0.000869136,,,
2018/10/28,6486.390137,0.000927024,,,
2018/10/29,6332.629883,-0.023990543,,,
2018/10/30,6334.27002,0.000258964,,,
2018/10/31,6317.609863,-0.002633627,,,
2018/11/1,6377.779785,0.00947909,,,
2018/11/2,6388.439941,0.001670057,,,
2018/11/3,6361.259766,-0.004263664,,,
2018/11/4,6376.129883,0.002334878,,,
2018/11/5,6419.660156,0.006803869,,,
2018/11/6,6461.009766,0.006420435,,,
2018/11/7,6530.140137,0.010642787,,,
2018/11/8,6453.720215,-0.011771661,,,
2018/11/9,6385.620117,-0.010608136,,,
2018/11/10,6409.220215,0.003689007,,,
2018/11/11,6411.27002,0.00031977,,,
2018/11/12,6371.27002,-0.006258557,,,
2018/11/13,6359.490234,-0.001850603,,,
2018/11/14,5738.350098,-0.102776493,,,
2018/11/15,5648.029785,-0.015864956,,,
2018/11/16,5575.549805,-0.012915842,,,
2018/11/17,5554.330078,-0.003813114,,,
2018/11/18,5623.540039,0.012383548,,,
2018/11/19,4871.490234,-0.143561473,,,
2018/11/20,4451.870117,-0.090075634,,,
2018/11/21,4602.169922,0.033203656,,,
2018/11/22,4365.939941,-0.052694412,,,
2018/11/23,4347.109863,-0.004322277,,,
2018/11/24,3880.76001,-0.113480212,,,
2018/11/25,4009.969971,0.032752739,,,
2018/11/26,3779.129883,-0.059289959,,,
2018/11/27,3820.719971,0.010945085,,,
2018/11/28,4257.419922,0.108224446,,,
2018/11/29,4278.84668,0.005020181,,,
2018/11/30,4017.268555,-0.063081298,,,
2018/12/1,4214.671875,0.047969534,,,
2018/12/2,4139.87793,-0.01790544,,,
2018/12/3,3894.130859,-0.06119579,,,
2018/12/4,3956.893799,0.015988812,,,
2018/12/5,3753.994873,-0.052638751,,,
2018/12/6,3521.101807,-0.064046618,,,
2018/12/7,3419.937256,-0.029151749,,,
2018/12/8,3476.114746,0.016293013,,,
2018/12/9,3614.234375,0.038964824,,,
2018/12/10,3502.656006,-0.031358502,,,
2018/12/11,3424.588135,-0.022540328,,,
2018/12/12,3486.950195,0.018046273,,,
2018/12/13,3313.677246,-0.050968961,,,
2018/12/14,3242.484863,-0.021718554,,,
2018/12/15,3236.761719,-0.001766608,,,
2018/12/16,3252.839111,0.004954827,,,
2018/12/17,3545.864746,0.086253877,,,
2018/12/18,3696.059082,0.041485075,,,
2018/12/19,3745.950684,0.0134083,,,
2018/12/20,4134.441406,0.098676791,,,
2018/12/21,3896.543701,-0.0592623,,,
2018/12/22,4014.182617,0.029743815,,,
2018/12/23,3998.980225,-0.003794359,,,
2018/12/24,4078.599121,0.019714192,,,
2018/12/25,3815.490723,-0.06668429,,,
2018/12/26,3857.297607,0.01089755,,,
2018/12/27,3654.833496,-0.053916299,,,
2018/12/28,3923.918701,0.071040286,,,
2018/12/29,3820.408691,-0.026733419,,,
2018/12/30,3865.952637,0.011850725,,,
2018/12/31,3742.700439,-0.032400736,,,
2019/1/1,3843.52002,0.026581225,,,
2019/1/2,3943.409424,0.025657067,,,
2019/1/3,3836.741211,-0.027422322,,,
2019/1/4,3857.717529,0.005452332,,,
2019/1/5,3845.19458,-0.003251487,,,
2019/1/6,4076.632568,0.058447089,,,
2019/1/7,4025.248291,-0.0126847,,,
2019/1/8,4030.8479,0.001390155,,,
2019/1/9,4035.296387,0.001103002,,,
2019/1/10,3678.924561,-0.092459282,,,
2019/1/11,3687.365479,0.00229177,,,
2019/1/12,3661.301025,-0.007093685,,,
2019/1/13,3552.953125,-0.030039432,,,
2019/1/14,3706.052246,0.042188102,,,
2019/1/15,3630.675293,-0.020548563,,,
2019/1/16,3655.006836,0.006679301,,,
2019/1/17,3678.563965,0.006424486,,,
2019/1/18,3657.839355,-0.005649816,,,
2019/1/19,3728.568359,0.019151709,,,
2019/1/20,3601.013672,-0.034808961,,,
2019/1/21,3576.032471,-0.006961444,,,
2019/1/22,3604.577148,0.00795053,,,
2019/1/23,3585.123047,-0.005411672,,,
2019/1/24,3600.865479,0.004381431,,,
2019/1/25,3599.765869,-0.00030542,,,
2019/1/26,3602.460449,0.000748263,,,
2019/1/27,3583.96582,-0.005147112,,,
2019/1/28,3470.450439,-0.032185563,,,
2019/1/29,3448.116943,-0.006456127,,,
2019/1/30,3486.181641,0.010978783,,,
2019/1/31,3457.792725,-0.008176607,,,
2019/2/1,3487.945313,0.008682383,,,
2019/2/2,3521.060791,0.009449478,,,
2019/2/3,3464.013428,-0.016334438,,,
2019/2/4,3459.154053,-0.001403801,,,
2019/2/5,3466.357422,0.002080242,,,
2019/2/6,3413.767822,-0.015287694,,,
2019/2/7,3399.47168,-0.004196583,,,
2019/2/8,3666.780273,0.075693936,,,
2019/2/9,3671.203613,0.001205601,,,
2019/2/10,3690.188232,0.0051579,,,
2019/2/11,3648.430664,-0.011380348,,,
2019/2/12,3653.528564,0.00139631,,,
2019/2/13,3632.070557,-0.005890543,,,
2019/2/14,3616.880859,-0.004190874,,,
2019/2/15,3620.810791,0.001085963,,,
2019/2/16,3629.787598,0.002476157,,,
2019/2/17,3673.836182,0.012062264,,,
2019/2/18,3915.714355,0.063761382,,,
2019/2/19,3947.094482,0.007981955,,,
2019/2/20,3999.820557,0.013269765,,,
2019/2/21,3954.118164,-0.01149189,,,
2019/2/22,4005.526611,0.012917451,,,
2019/2/23,4142.526855,0.033630893,,,
2019/2/24,3810.42749,-0.083564568,,,
2019/2/25,3882.696289,0.018788447,,,
2019/2/26,3854.35791,-0.007325399,,,
2019/2/27,3851.047363,-0.000859279,,,
2019/2/28,3854.7854,0.000970184,,,
2019/3/1,3859.58374,0.001244001,,,
2019/3/2,3864.415039,0.001250984,,,
2019/3/3,3847.175781,-0.004471007,,,
2019/3/4,3761.557129,-0.022506314,,,
2019/3/5,3896.375,0.035213632,,,
2019/3/6,3903.942627,0.001940339,,,
2019/3/7,3911.484375,0.001929965,,,
2019/3/8,3901.131592,-0.002650275,,,
2019/3/9,3963.313721,0.015813811,,,
2019/3/10,3951.599854,-0.00295995,,,
2019/3/11,3905.227295,-0.011804535,,,
2019/3/12,3909.15625,0.00100557,,,
2019/3/13,3906.717285,-0.000624106,,,
2019/3/14,3924.369141,0.004508158,,,
2019/3/15,3960.911133,0.009268473,,,
2019/3/16,4048.72583,0.021928139,,,
2019/3/17,4025.229004,-0.005820417,,,
2019/3/18,4032.507324,0.001806543,,,
2019/3/19,4071.190186,0.009547038,,,
2019/3/20,4087.476318,0.003992357,,,
2019/3/21,4029.326904,-0.014328402,,,
2019/3/22,4023.968262,-0.001330795,,,
2019/3/23,4035.826416,0.002942547,,,
2019/3/24,4022.168213,-0.003389979,,,
2019/3/25,3963.070557,-0.014801996,,,
2019/3/26,3985.080811,0.005538473,,,
2019/3/27,4087.066162,0.025269802,,,
2019/3/28,4069.107178,-0.004403784,,,
2019/3/29,4098.374512,0.007166826,,,
2019/3/30,4106.660156,0.002019649,,,
2019/3/31,4105.404297,-0.000305857,,,
2019/4/1,4158.183105,0.012773998,,,
2019/4/2,4879.87793,0.16004198,,,
2019/4/3,4973.021973,0.018907493,,,
2019/4/4,4922.798828,-0.010150462,,,
2019/4/5,5036.681152,0.022870127,,,
2019/4/6,5059.817383,0.004583029,,,
2019/4/7,5198.896973,0.02711609,,,
2019/4/8,5289.770996,0.017328472,,,
2019/4/9,5204.958496,-0.016163227,,,
2019/4/10,5324.551758,0.022716803,,,
2019/4/11,5064.487793,-0.050075525,,,
2019/4/12,5089.539063,0.004934263,,,
2019/4/13,5096.586426,0.001383718,,,
2019/4/14,5167.722168,0.013861018,,,
2019/4/15,5067.108398,-0.019661686,,,
2019/4/16,5235.55957,0.03270341,,,
2019/4/17,5251.937988,0.00312342,,,
2019/4/18,5298.385742,0.008805048,,,
2019/4/19,5303.8125,0.001023704,,,
2019/4/20,5337.88623,0.006403836,,,
2019/4/21,5314.53125,-0.004384923,,,
2019/4/22,5399.365234,0.015836583,,,
2019/4/23,5572.362305,0.031537679,,,
2019/4/24,5464.866699,-0.019479347,,,
2019/4/25,5210.515625,-0.04766091,,,
2019/4/26,5279.348145,0.013123814,,,
2019/4/27,5268.291016,-0.002096608,,,
2019/4/28,5285.13916,0.003192926,,,
2019/4/29,5247.352539,-0.007175279,,,
2019/4/30,5350.726563,0.019508687,,,
2019/5/1,5402.697266,0.009665965,,,
2019/5/2,5505.283691,0.01880998,,,
2019/5/3,5768.289551,0.046667296,,,
2019/5/4,5831.16748,0.010841636,,,
2019/5/5,5795.708496,-0.006099505,,,
2019/5/6,5746.807129,-0.008473311,,,
2019/5/7,5829.501465,0.014287066,,,
2019/5/8,5982.45752,0.025899955,,,
2019/5/9,6174.528809,0.031601133,,,
2019/5/10,6378.849121,0.032555119,,,
2019/5/11,7204.771484,0.12175582,,,
2019/5/12,6972.371582,-0.03278809,,,
2019/5/13,7814.915039,0.11407867,,,
2019/5/14,7994.416016,0.022709208,,,
2019/5/15,8205.167969,0.026020896,,,
2019/5/16,7884.90918,-0.039813494,,,
2019/5/17,7343.895508,-0.071081277,,,
2019/5/18,7271.208008,-0.009946984,,,
2019/5/19,8197.689453,0.119929899,,,
2019/5/20,7978.309082,-0.027125846,,,
2019/5/21,7963.327637,-0.001879537,,,
2019/5/22,7680.066406,-0.036218764,,,
2019/5/23,7881.84668,0.025934033,,,
2019/5/24,7987.371582,0.013299516,,,
2019/5/25,8052.543945,0.008126317,,,
2019/5/26,8673.21582,0.074251576,,,
2019/5/27,8805.77832,0.015168498,,,
2019/5/28,8719.961914,-0.009793263,,,
2019/5/29,8659.487305,-0.006959352,,,
2019/5/30,8319.472656,-0.040056648,,,
2019/5/31,8574.501953,0.03019404,,,
2019/6/1,8564.016602,-0.001223601,,,
2019/6/2,8742.958008,0.020679268,,,
2019/6/3,8208.995117,-0.063018059,,,
2019/6/4,7707.770996,-0.063001478,,,
2019/6/5,7824.231445,0.014996474,,,
2019/6/6,7822.023438,-0.000282241,,,
2019/6/7,8043.951172,0.027977129,,,
2019/6/8,7954.12793,-0.011229371,,,
2019/6/9,7688.077148,-0.034020324,,,
2019/6/10,8000.32959,0.039812033,,,
2019/6/11,7927.714355,-0.009117973,,,
2019/6/12,8145.857422,0.02714474,,,
2019/6/13,8230.923828,0.010388753,,,
2019/6/14,8693.833008,0.054715665,,,
2019/6/15,8838.375,0.016489112,,,
2019/6/16,8994.488281,0.01750894,,,
2019/6/17,9320.352539,0.035588478,,,
2019/6/18,9081.762695,-0.025932151,,,
2019/6/19,9273.521484,0.020894884,,,
2019/6/20,9527.160156,0.026983496,,,
2019/6/21,10144.55664,0.062790587,,,
2019/6/22,10701.69141,0.053464535,,,
2019/6/23,10855.37109,0.014258184,,,
2019/6/24,11011.10254,0.014244097,,,
2019/6/25,11790.91699,0.068425403,,,
2019/6/26,13016.23145,0.098867663,,,
2019/6/27,11182.80664,-0.151819674,,,
2019/6/28,12407.33203,0.103910113,,,
2019/6/29,11959.37109,-0.036772428,,,
2019/6/30,10817.15527,-0.100381838,,,
2019/7/1,10583.13477,-0.02187165,,,
2019/7/2,10801.67773,0.020439793,,,
2019/7/3,11961.26953,0.101972423,,,
2019/7/4,11215.4375,-0.064382713,,,
2019/7/5,10978.45996,-0.02135601,,,
2019/7/6,11208.55078,0.020741782,,,
2019/7/7,11450.84668,0.021386724,,,
2019/7/8,12285.95801,0.070393312,,,
2019/7/9,12573.8125,0.023159293,,,
2019/7/10,12156.5127,-0.033751227,,,
2019/7/11,11358.66211,-0.067884417,,,
2019/7/12,11815.98633,0.039472754,,,
2019/7/13,11392.37891,-0.036508773,,,
2019/7/14,10256.05859,-0.105076002,,,
2019/7/15,10895.08984,0.060443601,,,
2019/7/16,9477.641602,-0.139376705,,,
2019/7/17,9693.802734,0.022551279,,,
2019/7/18,10666.48242,0.095619553,,,
2019/7/19,10530.73242,-0.012808462,,,
2019/7/20,10767.13965,0.022200992,,,
2019/7/21,10599.10547,-0.015729263,,,
2019/7/22,10343.10645,-0.024449354,,,
2019/7/23,9900.767578,-0.043707967,,,
2019/7/24,9811.925781,-0.009013725,,,
2019/7/25,9911.841797,0.010131621,,,
2019/7/26,9870.303711,-0.004199559,,,
2019/7/27,9477.677734,-0.040591303,,,
2019/7/28,9552.860352,0.007901301,,,
2019/7/29,9519.145508,-0.003535536,,,
2019/7/30,9607.423828,0.009231028,,,
2019/7/31,10085.62793,0.048575318,,,
2019/8/1,10399.66895,0.030662541,,,
2019/8/2,10518.17481,0.011330721,,,
2019/8/3,10821.72656,0.028451137,,,
2019/8/4,10970.18457,0.013625267,,,
2019/8/5,11805.65332,0.073397413,,,
2019/8/6,11478.16895,-0.028131633,,,
2019/8/7,11941.96875,0.039612102,,,
2019/8/8,11966.40723,0.002044345,,,
2019/8/9,11862.93652,-0.008684365,,,
2019/8/10,11354.02441,-0.043846707,,,
2019/8/11,11523.5791,0.014823038,,,
2019/8/12,11382.61621,-0.012307995,,,
2019/8/13,10895.83008,-0.043707143,,,
2019/8/14,10051.7041,-0.080637972,,,
2019/8/15,10311.5459,0.025522046,,,
2019/8/16,10374.33887,0.006071112,,,
2019/8/17,10231.74414,-0.013840283,,,
2019/8/18,10345.81055,0.011086602,,,
2019/8/19,10916.05371,0.053652863,,,
2019/8/20,10763.23242,-0.014098603,,,
2019/8/21,10138.04981,-0.059840267,,,
2019/8/22,10131.05566,-0.000690129,,,
2019/8/23,10407.96484,0.026965839,,,
2019/8/24,10159.96094,-0.024116765,,,
2019/8/25,10138.51758,-0.002112805,,,
2019/8/26,10370.82031,0.022654331,,,
2019/8/27,10185.5,-0.018030983,,,
2019/8/28,9754.422852,-0.043244332,,,
2019/8/29,9510.200195,-0.025355881,,,
2019/8/30,9598.173828,0.009207927,,,
2019/8/31,9630.664063,0.003379327,,,
2019/9/1,9757.970703,0.013132278,,,
2019/9/2,10346.76074,0.05858904,,,
2019/9/3,10623.54004,0.026398799,,,
2019/9/4,10594.49316,-0.002737944,,,
2019/9/5,10575.5332,-0.001791208,,,
2019/9/6,10353.30273,-0.021237571,,,
2019/9/7,10517.25488,0.015711657,,,
2019/9/8,10441.27637,-0.007250398,,,
2019/9/9,10334.97461,-0.010233096,,,
2019/9/10,10115.97559,-0.021417821,,,
2019/9/11,10178.37207,0.006149168,,,
2019/9/12,10410.12695,0.022513994,,,
2019/9/13,10360.54688,-0.004774054,,,
2019/9/14,10358.04883,-0.000241141,,,
2019/9/15,10347.71289,-0.000998364,,,
2019/9/16,10276.79395,-0.00687718,,,
2019/9/17,10241.27246,-0.003462463,,,
2019/9/18,10198.24805,-0.00420993,,,
2019/9/19,10266.41504,0.006661946,,,
2019/9/20,10181.6416,-0.008291636,,,
2019/9/21,10019.7168,-0.016031424,,,
2019/9/22,10070.39258,0.005044859,,,
2019/9/23,9729.324219,-0.034455251,,,
2019/9/24,8620.566406,-0.12099365,,,
2019/9/25,8486.993164,-0.015616015,,,
2019/9/26,8118.967773,-0.044331751,,,
2019/9/27,8251.845703,0.016233872,,,
2019/9/28,8245.915039,-0.000718966,,,
2019/9/29,8104.185547,-0.017337269,,,
2019/9/30,8293.868164,0.023135804,,,
2019/10/1,8343.276367,0.005939523,,,
2019/10/2,8393.041992,0.005947039,,,
2019/10/3,8259.992188,-0.015979387,,,
2019/10/4,8205.939453,-0.006565426,,,
2019/10/5,8151.500488,-0.006656196,,,
2019/10/6,7988.155762,-0.020242104,,,
2019/10/7,8245.623047,0.031722605,,,
2019/10/8,8228.783203,-0.002044365,,,
2019/10/9,8595.740234,0.043628604,,,
2019/10/10,8586.473633,-0.001078627,,,
2019/10/11,8321.756836,-0.031314741,,,
2019/10/12,8336.555664,0.00177675,,,
2019/10/13,8321.005859,-0.001866997,,,
2019/10/14,8374.686523,0.006430503,,,
2019/10/15,8205.369141,-0.020424934,,,
2019/10/16,8047.526855,-0.019423892,,,
2019/10/17,8103.911133,0.00698198,,,
2019/10/18,7973.20752,-0.01625994,,,
2019/10/19,7988.560547,0.001923726,,,
2019/10/20,8222.078125,0.028812404,,,
2019/10/21,8243.720703,0.002628793,,,
2019/10/22,8078.203125,-0.020282321,,,
2019/10/23,7514.671875,-0.072312103,,,
2019/10/24,7493.48877,-0.00282288,,,
2019/10/25,8660.700195,0.144761094,,,
2019/10/26,9244.972656,0.065284334,,,
2019/10/27,9551.714844,0.032640796,,,
2019/10/28,9256.148438,-0.031432676,,,
2019/10/29,9427.6875,0.018362812,,,
2019/10/30,9205.726563,-0.023825096,,,
2019/10/31,9199.584961,-0.000667373,,,
2019/11/1,9261.104492,0.006664947,,,
2019/11/2,9324.717773,0.006845382,,,
2019/11/3,9235.354492,-0.009629701,,,
2019/11/4,9412.612305,0.019011526,,,
2019/11/5,9342.527344,-0.007473715,,,
2019/11/6,9360.879883,0.001962481,,,
2019/11/7,9267.561523,-0.010018996,,,
2019/11/8,8804.880859,-0.051214084,,,
2019/11/9,8813.582031,0.000987733,,,
2019/11/10,9055.526367,0.027081275,,,
2019/11/11,8757.788086,-0.033431848,,,
2019/11/12,8815.662109,0.006586553,,,
2019/11/13,8808.262695,-0.000839701,,,
2019/11/14,8708.094727,-0.011437202,,,
2019/11/15,8491.992188,-0.025129398,,,
2019/11/16,8550.760742,0.006896631,,,
2019/11/17,8577.975586,0.003177685,,,
2019/11/18,8309.286133,-0.031824239,,,
2019/11/19,8206.145508,-0.012490375,,,
2019/11/20,8027.268066,-0.022039072,,,
2019/11/21,7642.75,-0.049086768,,,
2019/11/22,7296.577637,-0.046352065,,,
2019/11/23,7397.796875,0.013776815,,,
2019/11/24,7047.916992,-0.048450125,,,
2019/11/25,7146.133789,0.013839371,,,
2019/11/26,7218.371094,0.010057836,,,
2019/11/27,7531.663574,0.042486626,,,
2019/11/28,7463.105957,-0.009144268,,,
2019/11/29,7761.243652,0.03917091,,,
2019/11/30,7569.629883,-0.024998412,,,
2019/12/1,7424.29248,-0.019386782,,,
2019/12/2,7321.988281,-0.013875477,,,
2019/12/3,7320.145508,-0.000251708,,,
2019/12/4,7252.034668,-0.009348133,,,
2019/12/5,7448.307617,0.026704768,,,
2019/12/6,7546.996582,0.013162839,,,
2019/12/7,7556.237793,0.001223739,,,
2019/12/8,7564.345215,0.001072369,,,
2019/12/9,7400.899414,-0.021844254,,,
2019/12/10,7278.119629,-0.016728999,,,
2019/12/11,7217.427246,-0.008373984,,,
2019/12/12,7243.134277,0.003555472,,,
2019/12/13,7269.68457,0.003658879,,,
2019/12/14,7124.673828,-0.020148956,,,
2019/12/15,7152.301758,0.003870283,,,
2019/12/16,6932.480469,-0.031216548,,,
2019/12/17,6640.515137,-0.04302814,,,
2019/12/18,7276.802734,0.091502039,,,
2019/12/19,7202.844238,-0.0102156,,,
2019/12/20,7218.816406,0.002215026,,,
2019/12/21,7191.158691,-0.003838695,,,
2019/12/22,7511.588867,0.043594698,,,
2019/12/23,7355.628418,-0.020981219,,,
2019/12/24,7322.532227,-0.004509591,,,
2019/12/25,7275.155762,-0.006490977,,,
2019/12/26,7238.966797,-0.004986735,,,
2019/12/27,7290.088379,0.007037181,,,
2019/12/28,7317.990234,0.003820063,,,
2019/12/29,7422.652832,0.014200786,,,
2019/12/30,7292.995117,-0.017622203,,,
2019/12/31,7193.599121,-0.013722695,,,
2020/1/1,7200.174316,0.000913617,,,
2020/1/2,6985.470215,-0.030272928,,,
2020/1/3,7344.884277,0.050171746,,,
2020/1/4,7410.656738,0.00891501,,,
2020/1/5,7411.317383,8.91E-05,,,
2020/1/6,7769.219238,0.047161467,,,
2020/1/7,8163.692383,0.049526889,,,
2020/1/8,8079.862793,-0.010321673,,,
2020/1/9,7879.071289,-0.025164851,,,
2020/1/10,8166.554199,0.035837017,,,
2020/1/11,8037.537598,-0.01592429,,,
2020/1/12,8192.494141,0.019095619,,,
2020/1/13,8144.194336,-0.005913064,,,
2020/1/14,8827.764648,0.080596506,,,
2020/1/15,8807.010742,-0.002353749,,,
2020/1/16,8723.786133,-0.009494746,,,
2020/1/17,8929.038086,0.023255339,,,
2020/1/18,8942.808594,0.001541028,,,
2020/1/19,8706.245117,-0.026809103,,,
2020/1/20,8657.642578,-0.005598132,,,
2020/1/21,8745.894531,0.010141928,,,
2020/1/22,8680.875977,-0.007461951,,,
2020/1/23,8406.515625,-0.032115368,,,
2020/1/24,8445.43457,0.004618933,,,
2020/1/25,8367.847656,-0.009229306,,,
2020/1/26,8596.830078,0.026996838,,,
2020/1/27,8909.819336,0.035760425,,,
2020/1/28,9358.589844,0.049140657,,,
2020/1/29,9316.629883,-0.004493659,,,
2020/1/30,9508.993164,0.020437037,,,
2020/1/31,9350.529297,-0.016805049,,,
2020/2/1,9392.875,0.004518472,,,
2020/2/2,9344.365234,-0.00517791,,,
2020/2/3,9293.521484,-0.00545597,,,
2020/2/4,9180.962891,-0.012185454,,,
2020/2/5,9613.423828,0.046028348,,,
2020/2/6,9729.801758,0.012033085,,,
2020/2/7,9795.943359,0.006774835,,,
2020/2/8,9865.119141,0.00703686,,,
2020/2/9,10116.67383,0.02517972,,,
2020/2/10,9856.611328,-0.026042506,,,
2020/2/11,10208.23633,0.035052447,,,
2020/2/12,10326.05469,0.011475405,,,
2020/2/13,10214.37988,-0.010873763,,,
2020/2/14,10312.11621,0.009523015,,,
2020/2/15,9889.424805,-0.04185355,,,
2020/2/16,9934.433594,0.004540879,,,
2020/2/17,9690.142578,-0.024897723,,,
2020/2/18,10141.99609,0.045575692,,,
2020/2/19,9633.386719,-0.051449984,,,
2020/2/20,9608.475586,-0.002589266,,,
2020/2/21,9686.441406,0.008081532,,,
2020/2/22,9663.181641,-0.002404158,,,
2020/2/23,9924.515625,0.026685065,,,
2020/2/24,9650.174805,-0.028031992,,,
2020/2/25,9341.705078,-0.032487238,,,
2020/2/26,8820.522461,-0.057407688,,,
2020/2/27,8784.494141,-0.004092966,,,
2020/2/28,8672.455078,-0.012836218,,,
2020/2/29,8599.508789,-0.008446836,,,
2020/3/1,8562.454102,-0.004318241,,,
2020/3/2,8869.669922,0.03525074,,,
2020/3/3,8787.786133,-0.009274765,,,
2020/3/4,8755.246094,-0.003709744,,,
2020/3/5,9078.762695,0.036284842,,,
2020/3/6,9122.545898,0.004811004,,,
2020/3/7,8909.954102,-0.02357983,,,
2020/3/8,8108.116211,-0.094303529,,,
2020/3/9,7923.644531,-0.023014293,,,
2020/3/10,7909.729492,-0.001757685,,,
2020/3/11,7911.430176,0.000214989,,,
2020/3/12,4970.788086,-0.464730175,,,
2020/3/13,5563.707031,0.112686222,,,
2020/3/14,5200.366211,-0.06753557,,,
2020/3/15,5392.314941,0.036245733,,,
2020/3/16,5014.47998,-0.072645058,,,
2020/3/17,5225.629395,0.041245526,,,
2020/3/18,5238.438477,0.002448204,,,
2020/3/19,6191.192871,0.167104324,,,
2020/3/20,6198.77832,0.00122445,,,
2020/3/21,6185.066406,-0.002214485,,,
2020/3/22,5830.254883,-0.059077024,,,
2020/3/23,6416.314941,0.095783238,,,
2020/3/24,6734.803711,0.048444709,,,
2020/3/25,6681.062988,-0.00801156,,,
2020/3/26,6716.44043,0.005281211,,,
2020/3/27,6469.79834,-0.037413377,,,
2020/3/28,6242.193848,-0.035813241,,,
2020/3/29,5922.042969,-0.052650213,,,
2020/3/30,6429.841797,0.082268449,,,
2020/3/31,6438.644531,0.001368107,,,
2020/4/1,6606.776367,0.025777803,,,
2020/4/2,6793.624512,0.027888756,,,
2020/4/3,6733.387207,-0.008906284,,,
2020/4/4,6867.527344,0.019725804,,,
2020/4/5,6791.129395,-0.011186861,,,
2020/4/6,7271.78125,0.068384015,,,
2020/4/7,7176.414551,-0.013201383,,,
2020/4/8,7334.098633,0.021734626,,,
2020/4/9,7302.089355,-0.004373998,,,
2020/4/10,6865.493164,-0.061652646,,,
2020/4/11,6859.083008,-0.000934114,,,
2020/4/12,6971.091797,0.016198094,,,
2020/4/13,6845.037598,-0.018247903,,,
2020/4/14,6842.427734,-0.000381351,,,
2020/4/15,6642.109863,-0.029712937,,,
2020/4/16,7116.804199,0.069029113,,,
2020/4/17,7096.18457,-0.002901521,,,
2020/4/18,7257.665039,0.022500902,,,
2020/4/19,7189.424805,-0.009446988,,,
2020/4/20,6881.958496,-0.043707893,,,
2020/4/21,6880.323242,-0.000237643,,,
2020/4/22,7117.20752,0.033849813,,,
2020/4/23,7429.724609,0.042973347,,,
2020/4/24,7550.900879,0.016178085,,,
2020/4/25,7569.936035,0.00251774,,,
2020/4/26,7679.867188,0.014417636,,,
2020/4/27,7795.601074,0.014957356,,,
2020/4/28,7807.058594,0.001468663,,,
2020/4/29,8801.038086,0.119841406,,,
2020/4/30,8658.553711,-0.016321978,,,
2020/5/1,8864.766602,0.02353691,,,
2020/5/2,8988.59668,0.013872127,,,
2020/5/3,8897.46875,-0.010189912,,,
2020/5/4,8912.654297,0.001705272,,,
2020/5/5,9003.070313,0.010093567,,,
2020/5/6,9268.761719,0.029084126,,,
2020/5/7,9951.518555,0.071075367,,,
2020/5/8,9842.666016,-0.010998547,,,
2020/5/9,9593.896484,-0.025599498,,,
2020/5/10,8756.430664,-0.09133875,,,
2020/5/11,8601.795898,-0.017817357,,,
2020/5/12,8804.477539,0.023289397,,,
2020/5/13,9269.987305,0.051521607,,,
2020/5/14,9733.72168,0.048814308,,,
2020/5/15,9328.197266,-0.042554541,,,
2020/5/16,9377.013672,0.005219563,,,
2020/5/17,9670.739258,0.030843415,,,
2020/5/18,9726.575195,0.005757095,,,
2020/5/19,9729.038086,0.000253181,,,
2020/5/20,9522.981445,-0.021407054,,,
2020/5/21,9081.761719,-0.047439781,,,
2020/5/22,9182.577148,0.011039705,,,
2020/5/23,9209.287109,0.002904543,,,
2020/5/24,8790.368164,-0.046555848,,,
2020/5/25,8906.93457,0.013173543,,,
2020/5/26,8835.052734,-0.008103064,,,
2020/5/27,9181.017578,0.038410971,,,
2020/5/28,9525.750977,0.036860715,,,
2020/5/29,9439.124023,-0.009135579,,,
2020/5/30,9700.414063,0.02730539,,,
2020/5/31,9461.058594,-0.024984293,,,
2020/6/1,10167.26856,0.071989317,,,
2020/6/2,9529.803711,-0.064749475,,,
2020/6/3,9656.717773,0.013229695,,,
2020/6/4,9800.636719,0.014793539,,,
2020/6/5,9665.533203,-0.013881075,,,
2020/6/6,9653.679688,-0.001227122,,,
2020/6/7,9758.852539,0.010835668,,,
2020/6/8,9771.489258,0.00129406,,,
2020/6/9,9795.700195,0.002474648,,,
2020/6/10,9870.094727,0.007565917,,,
2020/6/11,9321.78125,-0.057155719,,,
2020/6/12,9480.84375,0.016919584,,,
2020/6/13,9475.277344,-0.000587294,,,
2020/6/14,9386.788086,-0.009382844,,,
2020/6/15,9450.702148,0.006785862,,,
2020/6/16,9538.024414,0.009197339,,,
2020/6/17,9480.254883,-0.006075177,,,
2020/6/18,9411.84082,-0.007242644,,,
2020/6/19,9288.018555,-0.013243316,,,
2020/6/20,9332.34082,0.004760633,,,
2020/6/21,9303.629883,-0.003081241,,,
2020/6/22,9648.717773,0.036420399,,,
2020/6/23,9629.658203,-0.001977301,,,
2020/6/24,9313.610352,-0.033370923,,,
2020/6/25,9264.813477,-0.005253081,,,
2020/6/26,9162.917969,-0.011059044,,,
2020/6/27,9045.390625,-0.012909379,,,
2020/6/28,9143.582031,0.010796911,,,
2020/6/29,9190.854492,0.005156697,,,
2020/6/30,9137.993164,-0.005768118,,,
2020/7/1,9228.325195,0.009836785,,,
2020/7/2,9123.410156,-0.011433925,,,
2020/7/3,9087.303711,-0.003965412,,,
2020/7/4,9132.488281,0.004959954,,,
2020/7/5,9073.942383,-0.006431365,,,
2020/7/6,9375.474609,0.032690364,,,
2020/7/7,9252.277344,-0.013227475,,,
2020/7/8,9428.333008,0.018849585,,,
2020/7/9,9277.967773,-0.016076773,,,
2020/7/10,9278.807617,9.05E-05,,,
2020/7/11,9240.34668,-0.004153645,,,
2020/7/12,9276.5,0.003904916,,,
2020/7/13,9243.614258,-0.003551358,,,
2020/7/14,9243.213867,-4.33E-05,,,
2020/7/15,9192.836914,-0.005465062,,,
2020/7/16,9132.227539,-0.006614939,,,
2020/7/17,9151.392578,0.002096417,,,
2020/7/18,9159.040039,0.000835312,,,
2020/7/19,9185.817383,0.002919332,,,
2020/7/20,9164.231445,-0.002352686,,,
2020/7/21,9374.887695,0.022726572,,,
2020/7/22,9525.363281,0.015923467,,,
2020/7/23,9581.072266,0.005831453,,,
2020/7/24,9536.892578,-0.004621806,,,
2020/7/25,9677.113281,0.014595935,,,
2020/7/26,9905.166992,0.023292897,,,
2020/7/27,10990.87305,0.104008666,,,
2020/7/28,10912.82324,-0.007126664,,,
2020/7/29,11100.46777,0.017048707,,,
2020/7/30,11111.21387,0.000967608,,,
2020/7/31,11323.4668,0.018922423,,,
2020/8/1,11759.59277,0.037792033,,,
2020/8/2,11053.61426,-0.061911857,,,
2020/8/3,11246.34863,0.017286053,,,
2020/8/4,11205.89258,-0.003603747,,,
2020/8/5,11747.02246,0.047160038,,,
2020/8/6,11779.77344,0.002784145,,,
2020/8/7,11601.47266,-0.015251902,,,
2020/8/8,11754.0459,0.01306547,,,
2020/8/9,11675.73926,-0.006684392,,,
2020/8/10,11878.11133,0.017184201,,,
2020/8/11,11410.52539,-0.040161113,,,
2020/8/12,11584.93457,0.015169301,,,
2020/8/13,11784.1377,0.017048854,,,
2020/8/14,11768.87109,-0.001296362,,,
2020/8/15,11865.69824,0.008193734,,,
2020/8/16,11892.80371,0.00228175,,,
2020/8/17,12254.40234,0.02995176,,,
2020/8/18,11991.2334,-0.021709414,,,
2020/8/19,11758.2832,-0.019617887,,,
2020/8/20,11878.37207,0.010161328,,,
2020/8/21,11592.48926,-0.024361863,,,
2020/8/22,11681.8252,0.007676821,,,
2020/8/23,11664.84766,-0.001454387,,,
2020/8/24,11774.5957,0.009364458,,,
2020/8/25,11366.13477,-0.035306004,,,
2020/8/26,11488.36328,0.010696334,,,
2020/8/27,11323.39746,-0.014463478,,,
2020/8/28,11542.5,0.019164719,,,
2020/8/29,11506.86523,-0.003092042,,,
2020/8/30,11711.50586,0.017627932,,,
2020/8/31,11680.82031,-0.002623558,,,
2020/9/1,11970.47852,0.024495288,,,
2020/9/2,11414.03418,-0.047599829,,,
2020/9/3,10245.29688,-0.108024907,,,
2020/9/4,10511.81348,0.025680959,,,
2020/9/5,10169.56738,-0.033100048,,,
2020/9/6,10280.35156,0.010834788,,,
2020/9/7,10369.56348,0.008640469,,,
2020/9/8,10131.5166,-0.023223906,,,
2020/9/9,10242.34766,0.010879836,,,
2020/9/10,10363.13867,0.011724294,,,
2020/9/11,10400.91504,0.003638636,,,
2020/9/12,10442.1709,0.003958715,,,
2020/9/13,10323.75586,-0.011404868,,,
2020/9/14,10680.83789,0.034003651,,,
2020/9/15,10796.95117,0.010812511,,,
2020/9/16,10974.90527,0.016347532,,,
2020/9/17,10948.99023,-0.002364092,,,
2020/9/18,10944.58594,-0.000402336,,,
2020/9/19,11094.34668,0.013590771,,,
2020/9/20,10938.27148,-0.014167886,,,
2020/9/21,10462.25977,-0.04449331,,,
2020/9/22,10538.45996,0.007256944,,,
2020/9/23,10246.18652,-0.028125829,,,
2020/9/24,10760.06641,0.048936137,,,
2020/9/25,10692.7168,-0.00627889,,,
2020/9/26,10750.72363,0.00541023,,,
2020/9/27,10775.26953,0.002280583,,,
2020/9/28,10709.65234,-0.006108227,,,
2020/9/29,10844.64063,0.012525584,,,
2020/9/30,10784.49121,-0.005561904,,,
2020/10/1,10619.45215,-0.015421675,,,
2020/10/2,10575.97461,-0.004102545,,,
2020/10/3,10549.3291,-0.002522617,,,
2020/10/4,10669.58301,0.011334718,,,
2020/10/5,10793.33984,0.011532278,,,
2020/10/6,10604.40625,-0.017659664,,,
2020/10/7,10668.96875,0.006069812,,,
2020/10/8,10915.68555,0.022861385,,,
2020/10/9,11064.45801,0.013537194,,,
2020/10/10,11296.36133,0.020742678,,,
2020/10/11,11384.18164,0.007744149,,,
2020/10/12,11555.36328,0.014924866,,,
2020/10/13,11425.89941,-0.011267026,,,
2020/10/14,11429.50684,0.000315674,,,
2020/10/15,11495.34961,0.005744241,,,
2020/10/16,11322.12305,-0.015183968,,,
2020/10/17,11358.10156,0.003172679,,,
2020/10/18,11483.35938,0.010967694,,,
2020/10/19,11742.03711,0.022276341,,,
2020/10/20,11916.33496,0.014734826,,,
2020/10/21,12823.68945,0.073384054,,,
2020/10/22,12965.8916,0.011027988,,,
2020/10/23,12931.53906,-0.002652971,,,
2020/10/24,13108.0625,0.013558283,,,
2020/10/25,13031.17383,-0.005883025,,,
2020/10/26,13075.24805,0.003376507,,,
2020/10/27,13654.21875,0.043327559,,,
2020/10/28,13271.28516,-0.028445849,,,
2020/10/29,13437.88281,0.012475103,,,
2020/10/30,13546.52246,0.008052076,,,
2020/10/31,13780.99512,0.017160608,,,
2020/11/1,13737.10938,-0.003189593,,,
2020/11/2,13550.48926,-0.01367823,,,
2020/11/3,13950.30078,0.029078415,,,
2020/11/4,14133.70703,0.013061445,,,
2020/11/5,15579.84863,0.097415811,,,
2020/11/6,15565.88086,-0.00089693,,,
2020/11/7,14833.75391,-0.048176141,,,
2020/11/8,15479.56738,0.042615667,,,
2020/11/9,15332.31543,-0.0095582,,,
2020/11/10,15290.90234,-0.002704687,,,
2020/11/11,15701.33984,0.026488016,,,
2020/11/12,16276.34375,0.035966701,,,
2020/11/13,16317.80859,0.002544313,,,
2020/11/14,16068.13867,-0.015418716,,,
2020/11/15,15955.58789,-0.007029241,,,
2020/11/16,16716.11133,0.046563899,,,
2020/11/17,17645.40625,0.054102476,,,
2020/11/18,17804.00586,0.008948,,,
2020/11/19,17817.08984,0.00073462,,,
2020/11/20,18621.31445,0.044148763,,,
2020/11/21,18642.23242,0.001122704,,,
2020/11/22,18370.00195,-0.014710562,,,
2020/11/23,18364.12109,-0.000320185,,,
2020/11/24,19107.46484,0.039680268,,,
2020/11/25,18732.12109,-0.019839332,,,
2020/11/26,17150.62305,-0.088205253,,,
2020/11/27,17108.40234,-0.002464795,,,
2020/11/28,17717.41406,0.034978293,,,
2020/11/29,18177.48438,0.025635705,,,
2020/11/30,19625.83594,0.076663152,,,
2020/12/1,18802.99805,-0.042830531,,,
2020/12/2,19201.0918,0.020950814,,,
2020/12/3,19445.39844,0.012643316,,,
2020/12/4,18699.76563,-0.039099467,,,
2020/12/5,19154.23047,0.024012613,,,
2020/12/6,19345.12109,0.009916644,,,
2020/12/7,19191.63086,-0.007965956,,,
2020/12/8,18321.14453,-0.04641846,,,
2020/12/9,18553.91602,0.012625041,,,
2020/12/10,18264.99219,-0.01569464,,,
2020/12/11,18058.9043,-0.011347356,,,
2020/12/12,18803.65625,0.040412456,,,
2020/12/13,19142.38281,0.01785354,,,
2020/12/14,19246.64453,0.005431863,,,
2020/12/15,19417.07617,0.008816158,,,
2020/12/16,21310.59766,0.093051598,,,
2020/12/17,22805.16211,0.067782427,,,
2020/12/18,23137.96094,0.014487681,,,
2020/12/19,23869.83203,0.031140804,,,
2020/12/20,23477.29492,-0.016581623,,,
2020/12/21,22803.08203,-0.029138077,,,
2020/12/22,23783.0293,0.042076568,,,
2020/12/23,23241.3457,-0.023039437,,,
2020/12/24,23735.94922,0.021057909,,,
2020/12/25,24664.79102,0.038386018,,,
2020/12/26,26437.03711,0.069389186,,,
2020/12/27,26272.29492,-0.006250989,,,
2020/12/28,27084.80859,0.030458043,,,
2020/12/29,27362.4375,0.010198177,,,
2020/12/30,28840.95313,0.052625182,,,
2020/12/31,29001.7207,0.005558802,,,
2021/1/1,29374.15234,0.012759953,,,
2021/1/2,32127.26758,0.089590011,,,
2021/1/3,32782.02344,0.020175172,,,
2021/1/4,31971.91406,-0.025022468,,,
2021/1/5,33992.42969,0.061280012,,,
2021/1/6,36824.36328,0.080021828,,,
2021/1/7,39371.04297,0.066870924,,,
2021/1/8,40797.60938,0.03559289,,,
2021/1/9,40254.54688,-0.013400523,,,
2021/1/10,38356.44141,-0.048300486,,,
2021/1/11,35566.65625,-0.075513901,,,
2021/1/12,33922.96094,-0.047316478,,,
2021/1/13,37316.35938,0.095339721,,,
2021/1/14,39187.32813,0.048921613,,,
2021/1/15,36825.36719,-0.062166499,,,
2021/1/16,36178.14063,-0.017731847,,,
2021/1/17,35791.27734,-0.010750872,,,
2021/1/18,36630.07422,0.023165389,,,
2021/1/19,36069.80469,-0.015413523,,,
2021/1/20,35547.75,-0.014579217,,,
2021/1/21,30825.69922,-0.142528131,,,
2021/1/22,33005.76172,0.068333411,,,
2021/1/23,32067.64258,-0.028834641,,,
2021/1/24,32289.37891,0.006890847,,,
2021/1/25,32366.39258,0.002382269,,,
2021/1/26,32569.84961,0.006266383,,,
2021/1/27,30432.54688,-0.067874345,,,
2021/1/28,33466.09766,0.095020259,,,
2021/1/29,34316.38672,0.025090071,,,
2021/1/30,34269.52344,-0.001366557,,,
2021/1/31,33114.35938,-0.034289423,,,
2021/2/1,33537.17578,0.012687542,,,
2021/2/2,35510.28906,0.057167939,,,
2021/2/3,37472.08984,0.053773898,,,
2021/2/4,36926.06641,-0.014678677,,,
2021/2/5,38144.30859,0.032458853,,,
2021/2/6,39266.01172,0.028982741,,,
2021/2/7,38903.44141,-0.009276588,,,
2021/2/8,46196.46484,0.171820562,,,
2021/2/9,46481.10547,0.006142619,,,
2021/2/10,44918.18359,-0.034203204,,,
2021/2/11,47909.33203,0.064467616,,,
2021/2/12,47504.85156,-0.008478465,,,
2021/2/13,47105.51563,-0.008441745,,,
2021/2/14,48717.28906,0.03364388,,,
2021/2/15,47945.05859,-0.015978236,,,
2021/2/16,49199.87109,0.025835261,,,
2021/2/17,52149.00781,0.058214152,,,
2021/2/18,51679.79688,-0.009038226,,,
2021/2/19,55888.13281,0.078285135,,,
2021/2/20,56099.51953,0.003775184,,,
2021/2/21,57539.94531,0.02535216,,,
2021/2/22,54207.32031,-0.059663447,,,
2021/2/23,48824.42578,-0.104585244,,,
2021/2/24,49705.33203,0.017881496,,,
2021/2/25,47093.85156,-0.053969759,,,
2021/2/26,46339.76172,-0.016142075,,,
2021/2/27,46188.45313,-0.003270542,,,
2021/2/28,45137.76953,-0.023010477,,,
2021/3/1,49631.24219,0.09490116,,,
2021/3/2,48378.98828,-0.025554925,,,
2021/3/3,50538.24219,0.043664728,,,
2021/3/4,48561.16797,-0.039906122,,,
2021/3/5,48927.30469,0.00751142,,,
2021/3/6,48912.38281,-0.000305027,,,
2021/3/7,51206.69141,0.045839623,,,
2021/3/8,52246.52344,0.020103136,,,
2021/3/9,54824.11719,0.04815684,,,
2021/3/10,56008.55078,0.02137418,,,
2021/3/11,57805.12109,0.031573,,,
2021/3/12,57332.08984,-0.008216873,,,
2021/3/13,61243.08594,0.065990461,,,
2021/3/14,59302.31641,-0.032202593,,,
2021/3/15,55907.19922,-0.058955208,,,
2021/3/16,56804.90234,0.015929471,,,
2021/3/17,58870.89453,0.035724187,,,
2021/3/18,57858.92188,-0.017339152,,,
2021/3/19,58346.65234,0.008394319,,,
2021/3/20,58313.64453,-0.000565879,,,
2021/3/21,57523.42188,-0.013643904,,,
2021/3/22,54529.14453,-0.053456881,,,
2021/3/23,54738.94531,0.003840115,,,
2021/3/24,52774.26563,-0.036551758,,,
2021/3/25,51704.16016,-0.020485433,,,
2021/3/26,55137.3125,0.064288419,,,
2021/3/27,55973.51172,0.015051909,,,
2021/3/28,55950.74609,-0.000406804,,,
2021/3/29,57750.19922,0.031655029,,,
2021/3/30,58917.69141,0.02001461,,,
2021/3/31,58918.83203,1.94E-05,,,
2021/4/1,59095.80859,0.002999233,,,
2021/4/2,59384.3125,0.004870091,,,
2021/4/3,57603.89063,-0.030439981,,,
2021/4/4,58758.55469,0.019846643,,,
2021/4/5,59057.87891,0.005081207,,,
2021/4/6,58192.35938,-0.014763898,,,
2021/4/7,56048.9375,-0.037528871,,,
2021/4/8,58323.95313,0.039787676,,,
2021/4/9,58245.00391,-0.00135455,,,
2021/4/10,59793.23438,0.026234198,,,
2021/4/11,60204.96484,0.006862304,,,
2021/4/12,59893.45313,-0.005187619,,,
2021/4/13,63503.45703,0.058527143,,,
2021/4/14,63109.69531,-0.006219938,,,
2021/4/15,63314.01172,0.003232251,,,
2021/4/16,61572.78906,-0.027886622,,,
2021/4/17,60683.82031,-0.014542926,,,
2021/4/18,56216.18359,-0.076472431,,,
2021/4/19,55724.26563,-0.008788979,,,
2021/4/20,56473.03125,0.0133475,,,
2021/4/21,53906.08984,-0.046519746,,,
2021/4/22,51762.27344,-0.040581884,,,
2021/4/23,51093.65234,-0.013001303,,,
2021/4/24,50050.86719,-0.020620437,,,
2021/4/25,49004.25391,-0.021132723,,,
2021/4/26,54021.75391,0.097479707,,,
2021/4/27,55033.11719,0.018548319,,,
2021/4/28,54824.70313,-0.003794255,,,
2021/4/29,53555.10938,-0.023429674,,,
2021/4/30,57750.17578,0.075415188,,,
2021/5/1,57828.05078,0.001347572,,,
2021/5/2,56631.07813,-0.020916047,,,
2021/5/3,57200.29297,0.010001102,,,
2021/5/4,53333.53906,-0.069993636,,,
2021/5/5,57424.00781,0.073897086,,,
2021/5/6,56396.51563,-0.018055093,,,
2021/5/7,57356.40234,0.016877097,,,
2021/5/8,58803.77734,0.02492162,,,
2021/5/9,58232.31641,-0.009765628,,,
2021/5/10,55859.79688,-0.041595541,,,
2021/5/11,56704.57422,0.015009957,,,
2021/5/12,49150.53516,-0.142967147,,,
2021/5/13,49716.19141,0.011442928,,,
2021/5/14,49880.53516,0.003300187,,,
2021/5/15,46760.1875,-0.064598703,,,
2021/5/16,46456.05859,-0.006525257,,,
2021/5/17,43537.51172,-0.064883984,,,
2021/5/18,42909.40234,-0.014531934,,,
2021/5/19,37002.44141,-0.148107076,,,
2021/5/20,40782.73828,0.097275016,,,
2021/5/21,37304.69141,-0.089139817,,,
2021/5/22,37536.63281,0.006198237,,,
2021/5/23,34770.58203,-0.076545646,,,
2021/5/24,38705.98047,0.107222437,,,
2021/5/25,38402.22266,-0.007878783,,,
2021/5/26,39294.19922,0.022961566,,,
2021/5/27,38436.96875,-0.022057181,,,
2021/5/28,35697.60547,-0.073936111,,,
2021/5/29,34616.06641,-0.030765691,,,
2021/5/30,35678.12891,0.030219944,,,
2021/5/31,37332.85547,0.045335917,,,
2021/6/1,36684.92578,-0.017507854,,,
2021/6/2,37575.17969,0.023977789,,,
2021/6/3,39208.76563,0.042556617,,,
2021/6/4,36894.40625,-0.060840387,,,
2021/6/5,35551.95703,-0.037064743,,,
2021/6/6,35862.37891,0.0086936,,,
2021/6/7,33560.70703,-0.066332856,,,
2021/6/8,33472.63281,-0.002627775,,,
2021/6/9,37345.12109,0.109474102,,,
2021/6/10,36702.59766,-0.017354743,,,
2021/6/11,37334.39844,0.017067578,,,
2021/6/12,35552.51563,-0.048904195,,,
2021/6/13,39097.85938,0.095056801,,,
2021/6/14,40218.47656,0.028258788,,,
2021/6/15,40406.26953,0.004658453,,,
2021/6/16,38347.0625,-0.052307032,,,
2021/6/17,38053.50391,-0.007684761,,,
2021/6/18,35787.24609,-0.061401592,,,
2021/6/19,35615.87109,-0.00480022,,,
2021/6/20,35698.29688,0.002311626,,,
2021/6/21,31676.69336,-0.119521796,,,
2021/6/22,32505.66016,0.025833048,,,
2021/6/23,33723.02734,0.036766675,,,
2021/6/24,34662.4375,0.0274757,,,
2021/6/25,31637.7793,-0.091304654,,,
2021/6/26,32186.27734,0.017188238,,,
2021/6/27,34649.64453,0.073747275,,,
2021/6/28,34434.33594,-0.006233262,,,
2021/6/29,35867.77734,0.040785121,,,
2021/6/30,35040.83594,-0.023325203,,,
2021/7/1,33572.11719,-0.042818246,,,
2021/7/2,33897.04688,0.009632021,,,
2021/7/3,34668.54688,0.022504948,,,
2021/7/4,35287.78125,0.017703918,,,
2021/7/5,33746.00391,-0.044674756,,,
2021/7/6,34235.19531,0.01439221,,,
2021/7/7,33855.32813,-0.011157826,,,
2021/7/8,32877.37109,-0.029311779,,,
2021/7/9,33798.01172,0.027617364,,,
2021/7/10,33520.51953,-0.008244201,,,
2021/7/11,34240.1875,0.021242253,,,
2021/7/12,33155.84766,-0.032180926,,,
2021/7/13,32702.02539,-0.013782087,,,
2021/7/14,32822.34766,0.0036726,,,
2021/7/15,31780.73047,-0.032249468,,,
2021/7/16,31421.53906,-0.011366531,,,
2021/7/17,31533.06836,0.003543169,,,
2021/7/18,31796.81055,0.008329203,,,
2021/7/19,30817.83203,-0.031272503,,,
2021/7/20,29807.34766,-0.033338556,,,
2021/7/21,32110.69336,0.074434172,,,
2021/7/22,32313.10547,0.006283789,,,
2021/7/23,33581.55078,0.038503942,,,
2021/7/24,34292.44531,0.020948244,,,
2021/7/25,35350.1875,0.03037862,,,
2021/7/26,37337.53516,0.054695429,,,
2021/7/27,39406.94141,0.053942853,,,
2021/7/28,39995.90625,0.014835126,,,
2021/7/29,40008.42188,0.000312874,,,
2021/7/30,42235.54688,0.054172231,,,
2021/7/31,41626.19531,-0.014532546,,,
2021/8/1,39974.89453,-0.040478044,,,
2021/8/2,39201.94531,-0.019525249,,,
2021/8/3,38152.98047,-0.027122491,,,
2021/8/4,39747.50391,0.040943165,,,
2021/8/5,40869.55469,0.027838357,,,
2021/8/6,42816.5,0.046538141,,,
2021/8/7,44555.80078,0.039818811,,,
2021/8/8,43798.11719,-0.017151524,,,
2021/8/9,46365.40234,0.056962712,,,
2021/8/10,45585.03125,-0.016974141,,,
2021/8/11,45593.63672,0.000188761,,,
2021/8/12,44428.28906,-0.025891754,,,
2021/8/13,47793.32031,0.07300948,,,
2021/8/14,47096.94531,-0.014677744,,,
2021/8/15,47047.00391,-0.001060958,,,
2021/8/16,46004.48438,-0.022408307,,,
2021/8/17,44695.35938,-0.028869199,,,
2021/8/18,44801.1875,0.002364967,,,
2021/8/19,46717.57813,0.041885853,,,
2021/8/20,49339.17578,0.054597907,,,
2021/8/21,48905.49219,-0.008828701,,,
2021/8/22,49321.65234,0.008473475,,,
2021/8/23,49546.14844,0.004541347,,,
2021/8/24,47706.11719,-0.037844894,,,
2021/8/25,48960.78906,0.025960122,,,
2021/8/26,46942.21875,-0.042102297,,,
2021/8/27,49058.66797,0.04409943,,,
2021/8/28,48902.40234,-0.003190365,,,
2021/8/29,48829.83203,-0.001485085,,,
2021/8/30,47054.98438,-0.03702464,,,
2021/8/31,47166.6875,0.002371072,,,
2021/9/1,48847.02734,0.035005654,,,
2021/9/2,49327.72266,0.009792725,,,
2021/9/3,50025.375,0.014044128,,,
2021/9/4,49944.625,-0.001615485,,,
2021/9/5,51753.41016,0.035575435,,,
2021/9/6,52633.53516,0.01686314,,,
2021/9/7,46811.12891,-0.117232495,,,
2021/9/8,46091.39063,-0.015494794,,,
2021/9/9,46391.42188,0.006488391,,,
2021/9/10,44883.91016,-0.033035187,,,
2021/9/11,45201.45703,0.007049939,,,
2021/9/12,46063.26953,0.018886555,,,
2021/9/13,44963.07422,-0.024174296,,,
2021/9/14,47092.49219,0.046272007,,,
2021/9/15,48176.34766,0.022754601,,,
2021/9/16,47783.35938,-0.008190739,,,
2021/9/17,47267.51953,-0.01085408,,,
2021/9/18,48278.36328,0.021160126,,,
2021/9/19,47260.21875,-0.021314595,,,
2021/9/20,42843.80078,-0.098107938,,,
2021/9/21,40693.67578,-0.051488268,,,
2021/9/22,43574.50781,0.068399602,,,
2021/9/23,44895.09766,0.029856309,,,
2021/9/24,42839.75,-0.046862195,,,
2021/9/25,42716.59375,-0.002878953,,,
2021/9/26,43208.53906,0.011450682,,,
2021/9/27,42235.73047,-0.022771583,,,
2021/9/28,41034.54297,-0.028852333,,,
2021/9/29,41564.36328,0.012828925,,,
2021/9/30,43790.89453,0.05218276,,,
2021/10/1,48116.94141,0.094208419,,,
2021/10/2,47711.48828,-0.008462114,,,
2021/10/3,48199.95313,0.010185835,,,
2021/10/4,49112.90234,0.018763728,,,
2021/10/5,51514.8125,0.047747611,,,
2021/10/6,55361.44922,0.072014101,,,
2021/10/7,53805.98438,-0.028498794,,,
2021/10/8,53967.84766,0.003003761,,,
2021/10/9,54968.22266,0.018366793,,,
2021/10/10,54771.57813,-0.003583836,,,
2021/10/11,57484.78906,0.048348963,,,
2021/10/12,56041.05859,-0.025435764,,,
2021/10/13,57401.09766,0.023978815,,,
2021/10/14,57321.52344,-0.001387246,,,
2021/10/15,61593.94922,0.071887458,,,
2021/10/16,60892.17969,-0.011458885,,,
2021/10/17,61553.61719,0.010803865,,,
2021/10/18,62026.07813,0.007646292,,,
2021/10/19,64261.99219,0.035413444,,,
2021/10/20,65992.83594,0.026577835,,,
2021/10/21,62210.17188,-0.059027668,,,
2021/10/22,60692.26563,-0.024702251,,,
2021/10/23,61393.61719,0.011489605,,,
2021/10/24,60930.83594,-0.007566491,,,
2021/10/25,63039.82422,0.034027273,,,
2021/10/26,60363.79297,-0.043377186,,,
2021/10/27,58482.38672,-0.031663844,,,
2021/10/28,60622.13672,0.035934492,,,
2021/10/29,62227.96484,0.026144375,,,
2021/10/30,61888.83203,-0.00546475,,,
2021/10/31,61318.95703,-0.009250699,,,
2021/11/1,61004.40625,-0.00514295,,,
2021/11/2,63226.40234,0.035775877,,,
2021/11/3,62970.04688,-0.004062805,,,
2021/11/4,61452.23047,-0.024399034,,,
2021/11/5,61125.67578,-0.005328129,,,
2021/11/6,61527.48047,0.006551908,,,
2021/11/7,63326.98828,0.028827681,,,
2021/11/8,67566.82813,0.064805561,,,
2021/11/9,66971.82813,-0.008845099,,,
2021/11/10,64995.23047,-0.029958165,,,
2021/11/11,64949.96094,-0.000696748,,,
2021/11/12,64155.94141,-0.012300437,,,
2021/11/13,64469.52734,0.004875964,,,
2021/11/14,65466.83984,0.015351085,,,
2021/11/15,63557.87109,-0.029592906,,,
2021/11/16,60161.24609,-0.054922454,,,
2021/11/17,60368.01172,0.003430965,,,
2021/11/18,56942.13672,-0.05842375,,,
2021/11/19,58119.57813,0.020466973,,,
2021/11/20,59697.19531,0.026782459,,,
2021/11/21,58730.47656,-0.016326256,,,
2021/11/22,56289.28906,-0.042454514,,,
2021/11/23,57569.07422,0.022481248,,,
2021/11/24,56280.42578,-0.02263872,,,
2021/11/25,57274.67969,0.017511838,,,
2021/11/26,53569.76563,-0.066873801,,,
2021/11/27,54815.07813,0.02298047,,,
2021/11/28,57248.45703,0.043435386,,,
2021/11/29,57806.56641,0.009701684,,,
2021/11/30,57005.42578,-0.013955923,,,
2021/12/1,57229.82813,0.003928781,,,
2021/12/2,56477.81641,-0.013227302,,,
2021/12/3,53598.24609,-0.052331586,,,
2021/12/4,49200.70313,-0.085608431,,,
2021/12/5,49368.84766,0.003411696,,,
2021/12/6,50582.625,0.024288527,,,
2021/12/7,50700.08594,0.002319468,,,
2021/12/8,50504.79688,-0.003859286,,,
2021/12/9,47672.12109,-0.057721556,,,
2021/12/10,47243.30469,-0.009035819,,,
2021/12/11,49362.50781,0.043880241,,,
2021/12/12,50098.33594,0.014796608,,,
2021/12/13,46737.48047,-0.06944137,,,
2021/12/14,46612.63281,-0.002674828,,,
2021/12/15,48896.72266,0.047838778,,,
2021/12/16,47665.42578,-0.025504064,,,
2021/12/17,46202.14453,-0.031180093,,,
2021/12/18,46848.77734,0.013898696,,,
2021/12/19,46707.01563,-0.00303053,,,
2021/12/20,46880.27734,0.00370268,,,
2021/12/21,48936.61328,0.042928793,,,
2021/12/22,48628.51172,-0.006315834,,,
2021/12/23,50784.53906,0.043381939,,,
2021/12/24,50822.19531,0.000741216,,,
2021/12/25,50429.85938,-0.007749727,,,
2021/12/26,50809.51563,0.007500205,,,
2021/12/27,50640.41797,-0.003333621,,,
2021/12/28,47588.85547,-0.062151427,,,
2021/12/29,46444.71094,-0.024336012,,,
2021/12/30,47178.125,0.015667739,,,
2021/12/31,46306.44531,-0.018649173,,,
2022/1/1,47686.8125,0.029373733,,,