Date,High,Low,gold_close
2018/1/1,"1,317.60","1,302.30","1,313.70"
2018/1/2,"1,317.60","1,302.30","1,313.70"
2018/1/3,"1,320.10","1,312.10","1,316.20"
2018/1/4,"1,322.00","1,319.40","1,319.40"
2018/1/5,"1,320.30","1,320.30","1,320.30"
2018/1/8,"1,319.90","1,314.60","1,318.60"
2018/1/9,"1,311.70","1,309.60","1,311.70"
2018/1/10,"1,320.70","1,315.30","1,317.40"
2018/1/11,"1,320.60","1,316.30","1,320.60"
2018/1/12,"1,338.20","1,327.80","1,333.40"
2018/1/16,"1,335.40","1,331.00","1,335.40"
2018/1/17,"1,338.00","1,326.80","1,338.00"
2018/1/18,"1,328.90","1,326.00","1,326.00"
2018/1/19,"1,333.00","1,330.10","1,331.90"
2018/1/22,"1,330.90","1,328.40","1,330.90"
2018/1/23,"1,335.90","1,335.70","1,335.70"
2018/1/24,"1,357.20","1,355.90","1,355.90"
2018/1/25,"1,362.40","1,346.70","1,362.40"
2018/1/26,"1,352.00","1,350.90","1,351.60"
2018/1/29,-,-,-
2018/1/30,"1,347.80","1,332.80","1,335.40"
2018/1/31,"1,346.90","1,331.80","1,339.00"
2018/2/1,"1,350.60","1,336.80","1,344.30"
2018/2/2,"1,352.10","1,327.70","1,333.70"
2018/2/5,"1,340.20","1,329.00","1,333.00"
2018/2/6,"1,343.70","1,319.50","1,326.10"
2018/2/7,"1,331.10","1,310.50","1,311.60"
2018/2/8,"1,321.10","1,307.00","1,316.90"
2018/2/9,"1,322.00","1,311.90","1,313.10"
2018/2/12,"1,325.50","1,318.00","1,324.20"
2018/2/13,"1,329.60","1,323.40","1,328.10"
2018/2/14,"1,355.50","1,324.00","1,355.50"
2018/2/15,"1,355.90","1,349.70","1,352.10"
2018/2/16,"1,361.40","1,344.90","1,353.20"
2018/2/20,"1,350.20","1,328.50","1,328.80"
2018/2/21,"1,331.50","1,324.40","1,330.00"
2018/2/22,"1,331.40","1,322.00","1,330.60"
2018/2/23,"1,332.10","1,327.70","1,328.20"
2018/2/26,"1,340.50","1,330.70","1,330.70"
2018/2/27,"1,332.60","1,312.70","1,315.50"
2018/2/28,"1,321.00","1,315.40","1,315.50"
2018/3/1,"1,318.10","1,301.80","1,302.90"
2018/3/2,"1,323.20","1,314.30","1,321.10"
2018/3/5,"1,325.90","1,318.10","1,318.10"
2018/3/6,"1,333.60","1,321.40","1,333.60"
2018/3/7,"1,338.10","1,326.00","1,326.00"
2018/3/8,"1,326.80","1,319.30","1,319.90"
2018/3/9,"1,322.40","1,313.00","1,322.40"
2018/3/12,"1,319.40","1,319.40","1,319.40"
2018/3/13,"1,325.90","1,325.30","1,325.90"
2018/3/14,"1,324.40","1,322.20","1,324.40"
2018/3/15,"1,316.80","1,316.80","1,316.80"
2018/3/16,"1,311.30","1,310.10","1,311.30"
2018/3/19,"1,316.90","1,307.30","1,316.80"
2018/3/20,"1,311.10","1,311.10","1,311.10"
2018/3/21,"1,328.80","1,312.40","1,320.70"
2018/3/22,"1,326.60","1,326.60","1,326.60"
2018/3/23,"1,349.30","1,343.20","1,349.30"
2018/3/26,"1,354.40","1,345.10","1,354.40"
2018/3/27,"1,341.30","1,341.00","1,341.30"
2018/3/28,"1,346.40","1,322.40","1,324.20"
2018/3/29,"1,327.10","1,321.70","1,322.80"
2018/4/2,"1,344.20","1,324.70","1,342.10"
2018/4/3,"1,341.50","1,328.50","1,332.80"
2018/4/4,"1,347.30","1,331.60","1,335.80"
2018/4/5,"1,333.70","1,322.60","1,324.30"
2018/4/6,"1,333.00","1,319.00","1,331.90"
2018/4/9,"1,337.50","1,327.00","1,336.30"
2018/4/10,"1,342.00","1,333.00","1,342.00"
2018/4/11,"1,365.40","1,340.10","1,356.50"
2018/4/12,"1,351.50","1,334.60","1,338.40"
2018/4/13,"1,346.00","1,335.90","1,344.80"
2018/4/16,"1,348.80","1,341.00","1,347.50"
2018/4/17,"1,348.10","1,339.00","1,347.20"
2018/4/18,"1,354.20","1,343.50","1,351.20"
2018/4/19,"1,355.20","1,341.60","1,346.80"
2018/4/20,"1,343.40","1,335.30","1,336.70"
2018/4/23,"1,334.40","1,322.50","1,322.50"
2018/4/24,"1,331.70","1,326.20","1,331.40"
2018/4/25,"1,325.00","1,320.00","1,321.20"
2018/4/26,"1,316.30","1,315.70","1,316.30"
2018/4/27,"1,321.70","1,312.80","1,320.30"
2018/4/30,"1,316.20","1,309.60","1,316.20"
2018/5/1,"1,313.80","1,303.40","1,303.80"
2018/5/2,"1,309.30","1,302.60","1,302.60"
2018/5/3,"1,310.70","1,310.70","1,310.70"
2018/5/4,"1,312.70","1,312.70","1,312.70"
2018/5/7,"1,312.50","1,310.20","1,312.20"
2018/5/8,"1,312.00","1,308.50","1,312.00"
2018/5/9,"1,311.30","1,311.30","1,311.30"
2018/5/10,"1,320.80","1,312.20","1,320.80"
2018/5/11,"1,319.00","1,319.00","1,319.00"
2018/5/14,"1,319.90","1,316.50","1,316.50"
2018/5/15,"1,304.70","1,288.90","1,288.90"
2018/5/16,"1,294.00","1,285.40","1,290.20"
2018/5/17,"1,291.30","1,288.20","1,288.20"
2018/5/18,"1,290.20","1,285.20","1,290.20"
2018/5/21,"1,292.10","1,287.40","1,290.20"
2018/5/22,"1,291.70","1,291.70","1,291.70"
2018/5/23,"1,289.30","1,289.30","1,289.30"
2018/5/24,"1,303.70","1,303.70","1,303.70"
2018/5/25,"1,303.30","1,303.30","1,303.30"
2018/5/29,"1,298.70","1,298.70","1,298.70"
2018/5/30,"1,303.70","1,295.20","1,301.50"
2018/5/31,"1,306.80","1,296.60","1,300.10"
2018/6/1,"1,299.50","1,288.90","1,294.80"
2018/6/4,"1,297.10","1,290.00","1,293.10"
2018/6/5,"1,299.80","1,289.90","1,297.50"
2018/6/6,"1,300.40","1,294.10","1,297.10"
2018/6/7,"1,302.80","1,296.20","1,298.70"
2018/6/8,"1,299.40","1,294.80","1,298.10"
2018/6/11,"1,302.00","1,295.20","1,298.90"
2018/6/12,"1,298.10","1,292.70","1,295.10"
2018/6/13,"1,299.40","1,290.90","1,296.90"
2018/6/14,"1,307.70","1,297.20","1,304.00"
2018/6/15,"1,307.70","1,274.00","1,274.60"
2018/6/18,"1,280.70","1,276.20","1,276.20"
2018/6/19,"1,281.80","1,269.90","1,275.60"
2018/6/20,"1,274.40","1,271.20","1,271.20"
2018/6/21,"1,268.90","1,260.00","1,267.20"
2018/6/22,"1,270.20","1,267.00","1,267.40"
2018/6/25,"1,271.20","1,265.60","1,265.60"
2018/6/26,"1,267.20","1,256.60","1,256.60"
2018/6/27,"1,255.50","1,252.30","1,252.80"
2018/6/28,"1,251.70","1,244.80","1,247.80"
2018/6/29,"1,253.30","1,249.10","1,251.30"
2018/7/2,"1,249.90","1,239.80","1,239.80"
2018/7/3,"1,254.10","1,237.00","1,251.60"
2018/7/5,"1,257.30","1,253.60","1,257.30"
2018/7/6,"1,255.50","1,254.30","1,254.30"
2018/7/9,"1,262.30","1,257.70","1,258.10"
2018/7/10,"1,256.90","1,249.30","1,253.80"
2018/7/11,"1,253.20","1,242.80","1,242.80"
2018/7/12,"1,246.70","1,240.90","1,245.00"
2018/7/13,"1,247.00","1,239.60","1,239.60"
2018/7/16,"1,243.80","1,238.10","1,238.10"
2018/7/17,"1,225.70","1,225.70","1,225.70"
2018/7/18,"1,226.70","1,222.20","1,226.30"
2018/7/19,"1,228.00","1,211.70","1,222.40"
2018/7/20,"1,229.50","1,229.50","1,229.50"
2018/7/23,"1,224.00","1,222.00","1,224.00"
2018/7/24,"1,223.90","1,223.90","1,223.90"
2018/7/25,"1,231.40","1,231.40","1,231.40"
2018/7/26,"1,227.80","1,225.30","1,225.30"
2018/7/27,"1,222.60","1,222.60","1,222.60"
2018/7/30,"1,223.90","1,218.10","1,221.30"
2018/7/31,"1,228.10","1,213.00","1,223.70"
2018/8/1,"1,223.70","1,214.40","1,217.90"
2018/8/2,"1,219.30","1,205.80","1,210.60"
2018/8/3,"1,218.60","1,205.10","1,214.20"
2018/8/6,"1,214.40","1,206.60","1,208.60"
2018/8/7,"1,214.80","1,207.80","1,209.60"
2018/8/8,"1,215.20","1,205.90","1,212.60"
2018/8/9,"1,215.30","1,211.60","1,211.90"
2018/8/10,"1,216.40","1,205.60","1,211.10"
2018/8/13,"1,207.40","1,191.30","1,191.30"
2018/8/14,"1,197.50","1,192.80","1,193.00"
2018/8/15,"1,188.10","1,174.60","1,177.50"
2018/8/16,"1,180.20","1,161.40","1,176.20"
2018/8/17,"1,181.20","1,174.70","1,176.50"
2018/8/20,"1,190.00","1,184.40","1,186.80"
2018/8/21,"1,192.60","1,189.80","1,192.60"
2018/8/22,"1,196.30","1,194.70","1,196.30"
2018/8/23,"1,190.30","1,184.90","1,187.00"
2018/8/24,"1,208.00","1,185.30","1,206.30"
2018/8/27,"1,211.40","1,205.20","1,209.00"
2018/8/28,"1,217.00","1,202.30","1,207.40"
2018/8/29,"1,205.20","1,202.40","1,204.50"
2018/8/30,"1,205.60","1,196.00","1,197.70"
2018/8/31,"1,208.20","1,199.10","1,200.30"
2018/9/4,"1,193.80","1,189.90","1,192.70"
2018/9/5,"1,196.00","1,192.50","1,194.90"
2018/9/6,"1,202.00","1,197.90","1,197.90"
2018/9/7,"1,198.30","1,193.10","1,193.60"
2018/9/10,"1,193.00","1,193.00","1,193.00"
2018/9/11,"1,196.30","1,190.40","1,195.40"
2018/9/12,"1,205.00","1,204.70","1,204.70"
2018/9/13,"1,203.40","1,200.00","1,202.00"
2018/9/14,"1,195.00","1,195.00","1,195.00"
2018/9/17,"1,199.70","1,199.70","1,199.70"
2018/9/18,"1,198.70","1,196.80","1,196.80"
2018/9/19,"1,202.20","1,202.20","1,202.20"
2018/9/20,"1,206.20","1,206.20","1,206.20"
2018/9/21,"1,196.20","1,196.20","1,196.20"
2018/9/24,"1,199.30","1,199.30","1,199.30"
2018/9/25,"1,202.80","1,200.00","1,200.00"
2018/9/26,"1,194.00","1,194.00","1,194.00"
2018/9/27,"1,197.30","1,180.50","1,182.30"
2018/9/28,"1,191.90","1,180.00","1,191.50"
2018/10/1,"1,191.60","1,185.80","1,187.10"
2018/10/2,"1,206.00","1,190.30","1,202.40"
2018/10/3,"1,202.60","1,196.60","1,198.30"
2018/10/4,"1,204.60","1,197.20","1,197.20"
2018/10/5,"1,205.30","1,196.90","1,201.20"
2018/10/8,"1,201.00","1,183.70","1,184.40"
2018/10/9,"1,189.10","1,185.60","1,187.20"
2018/10/10,"1,192.00","1,189.30","1,189.30"
2018/10/11,"1,224.60","1,196.30","1,223.50"
2018/10/12,"1,221.60","1,216.00","1,218.10"
2018/10/15,"1,232.30","1,222.40","1,226.40"
2018/10/16,"1,230.50","1,227.10","1,227.30"
2018/10/17,"1,225.90","1,223.70","1,223.70"
2018/10/18,"1,226.50","1,226.50","1,226.50"
2018/10/19,"1,225.30","1,225.30","1,225.30"
2018/10/22,"1,224.50","1,219.60","1,221.20"
2018/10/23,"1,237.80","1,224.80","1,233.40"
2018/10/24,"1,231.60","1,227.80","1,227.80"
2018/10/25,"1,238.60","1,229.10","1,229.10"
2018/10/26,"1,234.80","1,232.50","1,232.50"
2018/10/29,"1,224.50","1,224.50","1,224.50"
2018/10/30,"1,227.70","1,219.80","1,222.60"
2018/10/31,"1,216.60","1,212.00","1,212.30"
2018/11/1,"1,236.00","1,215.40","1,236.00"
2018/11/2,"1,233.30","1,230.90","1,230.90"
2018/11/5,"1,231.50","1,226.70","1,229.80"
2018/11/6,"1,233.80","1,223.80","1,223.80"
2018/11/7,"1,228.60","1,226.20","1,226.20"
2018/11/8,"1,222.90","1,222.90","1,222.90"
2018/11/9,"1,207.90","1,206.40","1,206.40"
2018/11/12,"1,201.60","1,201.30","1,201.30"
2018/11/13,"1,201.30","1,196.30","1,199.20"
2018/11/14,"1,207.90","1,207.90","1,207.90"
2018/11/15,"1,212.80","1,212.80","1,212.80"
2018/11/16,"1,223.80","1,216.70","1,220.80"
2018/11/19,"1,223.10","1,223.10","1,223.10"
2018/11/20,"1,228.80","1,219.00","1,219.00"
2018/11/21,"1,225.80","1,225.80","1,225.80"
2018/11/23,"1,224.80","1,221.00","1,221.00"
2018/11/26,"1,222.00","1,220.20","1,220.20"
2018/11/27,"1,222.00","1,211.20","1,211.20"
2018/11/28,"1,221.40","1,211.50","1,221.40"
2018/11/29,"1,228.70","1,220.50","1,224.10"
2018/11/30,"1,225.00","1,216.10","1,220.20"
2018/12/3,"1,234.10","1,221.30","1,233.90"
2018/12/4,"1,241.40","1,230.40","1,241.10"
2018/12/6,"1,244.40","1,234.80","1,238.10"
2018/12/7,"1,249.80","1,237.60","1,246.80"
2018/12/10,"1,249.60","1,241.70","1,243.70"
2018/12/11,"1,248.70","1,241.50","1,241.90"
2018/12/12,"1,245.60","1,244.10","1,244.40"
2018/12/13,"1,243.50","1,241.00","1,242.70"
2018/12/14,"1,241.70","1,234.10","1,237.00"
2018/12/17,"1,247.40","1,239.30","1,247.40"
2018/12/18,"1,249.20","1,245.60","1,249.20"
2018/12/19,"1,255.80","1,252.10","1,252.10"
2018/12/20,"1,263.60","1,243.20","1,263.60"
2018/12/21,"1,261.30","1,253.80","1,253.80"
2018/12/24,"1,268.50","1,260.30","1,267.50"
2018/12/26,"1,277.40","1,269.20","1,269.20"
2018/12/27,"1,277.30","1,276.70","1,277.30"
2018/12/28,"1,280.10","1,273.50","1,279.90"
2018/12/31,"1,281.30","1,277.60","1,278.30"
2019/1/2,"1,286.00","1,277.60","1,281.00"
2019/1/3,"1,292.00","1,286.70","1,291.80"
2019/1/4,"1,294.20","1,275.30","1,282.70"
2019/1/7,"1,286.80","1,286.60","1,286.80"
2019/1/8,"1,283.20","1,278.20","1,283.20"
2019/1/9,"1,289.30","1,279.20","1,289.30"
2019/1/10,"1,284.70","1,284.70","1,284.70"
2019/1/11,"1,291.20","1,286.30","1,287.10"
2019/1/14,"1,293.90","1,289.10","1,289.10"
2019/1/15,"1,292.70","1,286.20","1,286.20"
2019/1/16,"1,291.60","1,291.60","1,291.60"
2019/1/17,"1,292.70","1,288.50","1,291.00"
2019/1/18,"1,281.30","1,281.30","1,281.30"
2019/1/22,"1,283.30","1,282.50","1,282.50"
2019/1/23,"1,283.90","1,278.70","1,283.10"
2019/1/24,"1,279.10","1,278.50","1,279.10"
2019/1/25,"1,297.40","1,297.40","1,297.40"
2019/1/28,"1,307.10","1,298.40","1,302.40"
2019/1/29,"1,308.20","1,308.20","1,308.20"
2019/1/30,"1,323.40","1,308.10","1,309.90"
2019/1/31,"1,325.40","1,316.70","1,319.70"
2019/2/1,"1,320.70","1,315.40","1,316.90"
2019/2/4,"1,318.10","1,308.30","1,314.30"
2019/2/5,"1,315.10","1,311.00","1,314.20"
2019/2/6,"1,313.50","1,305.00","1,309.50"
2019/2/7,"1,310.40","1,302.20","1,309.40"
2019/2/8,"1,314.00","1,307.80","1,313.70"
2019/2/11,"1,313.40","1,304.70","1,307.00"
2019/2/12,"1,312.00","1,307.60","1,309.20"
2019/2/13,"1,316.00","1,308.10","1,310.80"
2019/2/14,"1,311.80","1,301.60","1,309.80"
2019/2/15,"1,318.80","1,313.60","1,318.10"
2019/2/19,"1,340.10","1,320.50","1,340.10"
2019/2/20,"1,344.00","1,338.00","1,343.30"
2019/2/21,"1,334.90","1,320.90","1,323.50"
2019/2/22,"1,331.30","1,321.00","1,329.20"
2019/2/25,"1,331.60","1,325.60","1,325.90"
2019/2/26,"1,325.50","1,323.30","1,325.10"
2019/2/27,"1,327.90","1,316.50","1,317.70"
2019/2/28,"1,323.70","1,311.50","1,312.80"
2019/3/1,"1,312.20","1,288.90","1,296.40"
2019/3/4,"1,287.00","1,281.90","1,284.80"
2019/3/5,"1,287.00","1,282.00","1,282.00"
2019/3/6,"1,287.10","1,282.60","1,284.90"
2019/3/7,"1,284.60","1,281.00","1,283.80"
2019/3/8,"1,297.40","1,291.60","1,297.00"
2019/3/11,"1,291.00","1,288.80","1,288.80"
2019/3/12,"1,296.30","1,294.70","1,296.30"
2019/3/13,"1,307.50","1,307.50","1,307.50"
2019/3/14,"1,293.40","1,293.40","1,293.40"
2019/3/15,"1,304.70","1,300.50","1,301.80"
2019/3/18,"1,302.20","1,297.30","1,300.30"
2019/3/19,"1,306.90","1,304.80","1,305.00"
2019/3/20,"1,300.70","1,300.50","1,300.50"
2019/3/21,"1,306.10","1,306.10","1,306.10"
2019/3/22,"1,311.60","1,311.60","1,311.60"
2019/3/25,"1,322.90","1,320.70","1,321.90"
2019/3/26,"1,315.60","1,314.30","1,314.30"
2019/3/27,"1,309.90","1,309.90","1,309.90"
2019/3/28,"1,311.10","1,287.70","1,289.80"
2019/3/29,"1,298.50","1,286.10","1,293.00"
2019/4/1,"1,295.90","1,285.70","1,288.40"
2019/4/2,"1,290.90","1,284.50","1,290.00"
2019/4/3,"1,293.10","1,287.50","1,289.90"
2019/4/4,"1,292.60","1,279.50","1,289.00"
2019/4/5,"1,292.00","1,283.60","1,290.40"
2019/4/8,"1,302.10","1,291.80","1,297.10"
2019/4/9,"1,304.90","1,298.50","1,303.50"
2019/4/10,"1,309.10","1,301.50","1,309.10"
2019/4/11,"1,307.10","1,288.60","1,288.60"
2019/4/12,"1,293.40","1,289.20","1,290.60"
2019/4/15,"1,287.30","1,282.30","1,286.80"
2019/4/16,"1,285.20","1,272.20","1,272.60"
2019/4/17,"1,273.50","1,271.60","1,272.20"
2019/4/18,"1,273.60","1,270.10","1,271.90"
2019/4/22,"1,273.50","1,273.50","1,273.50"
2019/4/23,"1,269.80","1,266.00","1,269.30"
2019/4/24,"1,275.50","1,267.80","1,275.50"
2019/4/25,"1,280.80","1,275.80","1,275.80"
2019/4/26,"1,284.90","1,284.90","1,284.90"
2019/4/29,"1,284.90","1,277.10","1,278.60"
2019/4/30,"1,283.30","1,280.80","1,282.80"
2019/5/1,"1,283.30","1,278.70","1,281.40"
2019/5/2,"1,270.80","1,266.60","1,269.70"
2019/5/3,"1,279.20","1,270.10","1,279.20"
2019/5/6,"1,282.20","1,280.30","1,281.70"
2019/5/7,"1,283.50","1,280.50","1,283.50"
2019/5/8,"1,279.40","1,279.40","1,279.40"
2019/5/9,"1,285.00","1,278.80","1,283.50"
2019/5/10,"1,286.50","1,283.30","1,285.70"
2019/5/13,"1,300.10","1,281.80","1,300.10"
2019/5/14,"1,297.80","1,294.70","1,294.70"
2019/5/15,"1,296.90","1,296.00","1,296.30"
2019/5/16,"1,285.40","1,285.00","1,285.00"
2019/5/17,"1,280.00","1,274.50","1,274.50"
2019/5/20,"1,276.10","1,276.10","1,276.10"
2019/5/21,"1,272.00","1,272.00","1,272.00"
2019/5/22,"1,273.60","1,273.60","1,273.60"
2019/5/23,"1,284.80","1,284.80","1,284.80"
2019/5/24,"1,283.00","1,283.00","1,283.00"
2019/5/28,"1,276.50","1,276.50","1,276.50"
2019/5/29,"1,280.60","1,280.60","1,280.60"
2019/5/30,"1,288.30","1,273.90","1,287.10"
2019/5/31,"1,306.40","1,287.50","1,305.80"
2019/6/3,"1,327.80","1,307.00","1,322.70"
2019/6/4,"1,328.60","1,320.80","1,323.40"
2019/6/5,"1,343.30","1,326.30","1,328.30"
2019/6/6,"1,338.70","1,326.20","1,337.60"
2019/6/7,"1,347.70","1,329.80","1,341.20"
2019/6/10,"1,336.50","1,324.10","1,324.70"
2019/6/11,"1,328.40","1,319.10","1,326.40"
2019/6/12,"1,334.50","1,326.90","1,331.90"
2019/6/13,"1,341.10","1,331.60","1,339.20"
2019/6/14,"1,355.40","1,339.30","1,340.10"
2019/6/17,"1,340.30","1,335.00","1,338.70"
2019/6/18,"1,349.30","1,341.60","1,346.60"
2019/6/19,"1,344.60","1,344.00","1,344.60"
2019/6/20,"1,392.90","1,379.50","1,392.90"
2019/6/21,"1,406.00","1,390.30","1,396.20"
2019/6/24,"1,420.60","1,402.10","1,414.30"
2019/6/25,"1,433.30","1,414.90","1,414.90"
2019/6/26,"1,413.30","1,405.80","1,411.60"
2019/6/27,"1,410.80","1,399.80","1,408.40"
2019/6/28,"1,422.00","1,408.30","1,409.70"
2019/7/1,"1,395.80","1,382.80","1,385.60"
2019/7/2,"1,418.40","1,390.80","1,404.60"
2019/7/3,"1,434.00","1,413.10","1,417.70"
2019/7/5,"1,418.30","1,390.20","1,396.70"
2019/7/8,"1,397.00","1,393.60","1,397.00"
2019/7/9,"1,397.50","1,386.20","1,397.50"
2019/7/10,"1,410.10","1,409.90","1,410.10"
2019/7/11,"1,424.00","1,404.30","1,404.30"
2019/7/12,"1,410.10","1,405.60","1,409.90"
2019/7/15,"1,415.00","1,411.40","1,411.40"
2019/7/16,"1,413.70","1,405.00","1,409.20"
2019/7/17,"1,421.30","1,404.60","1,421.30"
2019/7/18,"1,444.20","1,419.50","1,426.10"
2019/7/19,"1,442.00","1,425.10","1,425.10"
2019/7/22,"1,425.30","1,424.00","1,425.30"
2019/7/23,"1,421.30","1,416.30","1,420.10"
2019/7/24,"1,422.80","1,422.80","1,422.80"
2019/7/25,"1,413.90","1,413.90","1,413.90"
2019/7/26,"1,423.00","1,418.50","1,418.50"
2019/7/29,"1,419.60","1,419.60","1,419.60"
2019/7/30,"1,433.90","1,422.10","1,429.70"
2019/7/31,"1,435.80","1,411.20","1,426.10"
2019/8/1,"1,445.20","1,400.90","1,420.90"
2019/8/2,"1,448.00","1,432.30","1,445.60"
2019/8/5,"1,469.70","1,440.40","1,464.60"
2019/8/6,"1,475.00","1,457.70","1,472.40"
2019/8/7,"1,509.90","1,473.20","1,507.30"
2019/8/8,"1,508.50","1,492.00","1,497.70"
2019/8/9,"1,507.50","1,495.60","1,496.60"
2019/8/12,"1,514.90","1,488.10","1,505.30"
2019/8/13,"1,531.40","1,483.70","1,502.20"
2019/8/14,"1,520.50","1,497.00","1,515.90"
2019/8/15,"1,522.70","1,510.60","1,519.60"
2019/8/16,"1,524.60","1,504.70","1,512.50"
2019/8/19,"1,507.60","1,492.90","1,500.40"
2019/8/20,"1,506.10","1,497.50","1,504.60"
2019/8/21,"1,505.00","1,498.80","1,504.60"
2019/8/22,"1,497.30","1,493.80","1,497.30"
2019/8/23,"1,527.60","1,493.50","1,526.60"
2019/8/26,"1,543.30","1,524.30","1,526.30"
2019/8/27,"1,542.10","1,528.50","1,541.00"
2019/8/28,"1,538.10","1,537.80","1,537.80"
2019/8/29,"1,549.30","1,519.60","1,526.50"
2019/8/30,"1,530.40","1,516.70","1,519.10"
2019/9/3,"1,547.30","1,521.00","1,545.90"
2019/9/4,"1,553.20","1,534.80","1,550.30"
2019/9/5,"1,551.10","1,511.10","1,515.40"
2019/9/6,"1,526.00","1,504.50","1,506.20"
2019/9/9,"1,513.00","1,498.00","1,502.20"
2019/9/10,"1,498.50","1,486.90","1,490.30"
2019/9/11,"1,496.60","1,490.20","1,494.40"
2019/9/12,"1,515.40","1,498.70","1,498.70"
2019/9/13,"1,490.90","1,486.90","1,490.90"
2019/9/16,"1,506.80","1,496.90","1,503.10"
2019/9/17,"1,505.10","1,497.90","1,505.10"
2019/9/18,"1,509.40","1,489.30","1,507.50"
2019/9/19,"1,502.40","1,496.10","1,498.40"
2019/9/20,"1,507.30","1,503.00","1,507.30"
2019/9/23,"1,523.70","1,515.50","1,523.70"
2019/9/24,"1,533.00","1,515.10","1,532.10"
2019/9/25,"1,527.90","1,504.60","1,504.60"
2019/9/26,"1,507.50","1,507.50","1,507.50"
2019/9/27,"1,506.10","1,485.60","1,499.10"
2019/9/30,"1,495.90","1,463.50","1,465.70"
2019/10/1,"1,485.50","1,458.30","1,482.00"
2019/10/2,"1,503.70","1,474.10","1,501.00"
2019/10/3,"1,518.20","1,496.60","1,507.10"
2019/10/4,"1,508.70","1,497.10","1,506.20"
2019/10/7,"1,505.80","1,489.10","1,497.70"
2019/10/8,"1,506.30","1,489.30","1,497.20"
2019/10/9,"1,507.70","1,498.40","1,506.10"
2019/10/10,"1,511.20","1,490.60","1,494.80"
2019/10/11,"1,494.90","1,476.90","1,482.70"
2019/10/14,"1,493.50","1,481.30","1,491.70"
2019/10/15,"1,495.40","1,476.60","1,477.60"
2019/10/16,"1,488.00","1,480.00","1,488.00"
2019/10/17,"1,493.20","1,485.80","1,492.30"
2019/10/18,"1,489.10","1,486.60","1,488.20"
2019/10/21,"1,489.90","1,481.50","1,482.40"
2019/10/22,"1,483.50","1,481.70","1,481.70"
2019/10/23,"1,490.30","1,486.40","1,489.90"
2019/10/24,"1,501.20","1,485.90","1,498.90"
2019/10/25,"1,514.30","1,499.00","1,499.50"
2019/10/28,"1,504.10","1,490.00","1,490.00"
2019/10/29,"1,487.00","1,485.90","1,487.00"
2019/10/30,"1,495.40","1,481.00","1,493.20"
2019/10/31,"1,513.10","1,496.10","1,511.40"
2019/11/1,"1,511.60","1,503.00","1,508.00"
2019/11/4,"1,511.60","1,508.00","1,508.00"
2019/11/5,"1,507.10","1,480.80","1,480.80"
2019/11/6,"1,491.00","1,483.20","1,490.20"
2019/11/7,"1,489.10","1,464.20","1,464.20"
2019/11/8,"1,469.10","1,461.30","1,461.30"
2019/11/11,"1,461.00","1,449.30","1,455.50"
2019/11/12,"1,454.90","1,447.10","1,452.10"
2019/11/13,"1,463.30","1,456.80","1,461.70"
2019/11/14,"1,471.80","1,463.70","1,471.80"
2019/11/15,"1,469.10","1,467.30","1,467.30"
2019/11/18,"1,472.00","1,469.70","1,470.90"
2019/11/19,"1,474.30","1,467.70","1,473.30"
2019/11/20,"1,474.50","1,467.30","1,473.30"
2019/11/21,"1,463.10","1,463.10","1,463.10"
2019/11/22,"1,468.60","1,463.10","1,463.10"
2019/11/25,"1,457.10","1,455.50","1,456.60"
2019/11/26,"1,459.80","1,459.80","1,459.80"
2019/11/27,"1,461.90","1,452.00","1,453.40"
2019/11/29,"1,465.60","1,452.10","1,465.60"
2019/12/2,"1,464.40","1,453.30","1,462.30"
2019/12/3,"1,480.40","1,459.50","1,478.20"
2019/12/4,"1,483.40","1,471.20","1,474.00"
2019/12/5,"1,478.00","1,472.30","1,476.90"
2019/12/6,"1,476.00","1,458.20","1,459.10"
2019/12/9,"1,464.20","1,458.60","1,459.30"
2019/12/10,"1,467.20","1,460.70","1,462.60"
2019/12/11,"1,475.40","1,463.10","1,469.40"
2019/12/12,"1,483.90","1,463.70","1,466.70"
2019/12/13,"1,475.90","1,463.10","1,475.60"
2019/12/16,"1,475.30","1,473.80","1,475.00"
2019/12/17,"1,476.90","1,474.00","1,474.60"
2019/12/18,"1,472.60","1,472.60","1,472.60"
2019/12/19,"1,478.90","1,473.30","1,478.20"
2019/12/20,"1,478.10","1,474.70","1,474.70"
2019/12/23,"1,482.50","1,479.90","1,482.50"
2019/12/24,"1,499.10","1,488.70","1,499.10"
2019/12/26,"1,512.30","1,505.00","1,509.30"
2019/12/27,"1,513.80","1,513.80","1,513.80"
2019/12/30,"1,515.10","1,510.00","1,514.50"
2019/12/31,"1,523.40","1,513.80","1,519.50"
2020/1/2,"1,528.70","1,518.00","1,524.50"
2020/1/3,"1,552.70","1,530.10","1,549.20"
2020/1/6,"1,580.00","1,560.40","1,566.20"
2020/1/7,"1,576.30","1,558.30","1,571.80"
2020/1/8,"1,604.20","1,552.30","1,557.40"
2020/1/9,"1,555.70","1,543.30","1,551.70"
2020/1/10,"1,558.80","1,545.40","1,557.50"
2020/1/13,"1,558.00","1,548.40","1,548.40"
2020/1/14,"1,546.70","1,534.90","1,542.40"
2020/1/15,"1,553.90","1,545.60","1,552.10"
2020/1/16,"1,556.10","1,548.50","1,549.00"
2020/1/17,"1,558.80","1,553.60","1,558.80"
2020/1/21,"1,566.20","1,551.00","1,556.40"
2020/1/22,"1,557.10","1,549.80","1,555.30"
2020/1/23,"1,564.60","1,552.20","1,564.60"
2020/1/24,"1,571.10","1,556.30","1,571.10"
2020/1/27,"1,584.50","1,576.80","1,576.80"
2020/1/28,"1,576.40","1,569.20","1,569.20"
2020/1/29,"1,569.80","1,569.80","1,569.80"
2020/1/30,"1,585.00","1,571.40","1,583.50"
2020/1/31,"1,589.00","1,570.00","1,582.90"
2020/2/3,"1,593.30","1,568.20","1,577.20"
2020/2/4,"1,577.70","1,547.80","1,550.40"
2020/2/5,"1,560.70","1,547.70","1,557.80"
2020/2/6,"1,565.60","1,551.60","1,565.10"
2020/2/7,"1,571.90","1,560.50","1,568.60"
2020/2/10,"1,574.70","1,568.60","1,574.70"
2020/2/11,"1,571.10","1,561.90","1,565.60"
2020/2/12,"1,568.70","1,561.00","1,567.40"
2020/2/13,"1,575.10","1,570.20","1,575.10"
2020/2/14,"1,582.70","1,574.80","1,582.70"
2020/2/18,"1,604.30","1,579.80","1,600.00"
2020/2/19,"1,610.50","1,599.70","1,607.50"
2020/2/20,"1,621.00","1,603.00","1,616.60"
2020/2/21,"1,645.00","1,619.30","1,644.60"
2020/2/24,"1,686.60","1,650.00","1,672.40"
2020/2/25,"1,653.70","1,632.30","1,646.90"
2020/2/26,"1,648.10","1,636.40","1,640.00"
2020/2/27,"1,658.00","1,638.50","1,640.00"
2020/2/28,"1,642.50","1,564.10","1,564.10"
2020/3/2,"1,608.30","1,574.30","1,592.30"
2020/3/3,"1,645.30","1,594.00","1,642.10"
2020/3/4,"1,645.90","1,631.30","1,641.10"
2020/3/5,"1,672.90","1,637.20","1,666.40"
2020/3/6,"1,686.20","1,647.20","1,670.80"
2020/3/9,"1,701.60","1,657.70","1,674.50"
2020/3/10,"1,674.60","1,643.00","1,659.10"
2020/3/11,"1,666.50","1,635.00","1,641.40"
2020/3/12,"1,647.50","1,566.40","1,589.30"
2020/3/13,"1,589.80","1,513.80","1,515.70"
2020/3/16,"1,569.10","1,452.10","1,485.90"
2020/3/17,"1,537.70","1,469.30","1,524.90"
2020/3/18,"1,542.00","1,477.30","1,477.30"
2020/3/19,"1,491.60","1,471.00","1,478.60"
2020/3/20,"1,484.00","1,483.50","1,484.00"
2020/3/23,"1,567.00","1,490.20","1,567.00"
2020/3/24,"1,685.50","1,592.70","1,660.20"
2020/3/25,"1,676.50","1,631.10","1,632.30"
2020/3/26,"1,660.50","1,650.10","1,650.10"
2020/3/27,"1,623.90","1,623.90","1,623.90"
2020/3/30,"1,652.80","1,607.20","1,622.00"
2020/3/31,"1,621.00","1,576.00","1,583.40"
2020/4/1,"1,600.00","1,570.00","1,578.20"
2020/4/2,"1,631.20","1,586.00","1,625.70"
2020/4/3,"1,636.00","1,619.80","1,633.70"
2020/4/6,"1,696.70","1,625.90","1,677.00"
2020/4/7,"1,724.40","1,658.00","1,664.80"
2020/4/8,"1,677.00","1,662.50","1,665.40"
2020/4/9,"1,736.20","1,662.70","1,736.20"
2020/4/13,"1,756.80","1,710.70","1,744.80"
2020/4/14,"1,775.00","1,739.50","1,756.70"
2020/4/15,"1,744.90","1,722.70","1,727.20"
2020/4/16,"1,750.60","1,715.00","1,720.40"
2020/4/17,"1,725.00","1,684.90","1,689.20"
2020/4/20,"1,701.60","1,680.00","1,701.60"
2020/4/21,"1,707.10","1,659.90","1,678.20"
2020/4/22,"1,728.70","1,684.80","1,728.70"
2020/4/23,"1,745.10","1,733.30","1,733.30"
2020/4/24,"1,744.00","1,714.50","1,723.50"
2020/4/27,"1,731.90","1,711.90","1,711.90"
2020/4/28,"1,716.60","1,707.10","1,710.50"
2020/4/29,"1,713.50","1,702.00","1,703.40"
2020/4/30,"1,719.30","1,680.80","1,684.20"
2020/5/1,"1,701.50","1,670.50","1,694.50"
2020/5/4,"1,709.00","1,699.60","1,706.90"
2020/5/5,"1,704.40","1,697.20","1,704.40"
2020/5/6,"1,704.00","1,684.20","1,684.20"
2020/5/7,"1,721.80","1,685.60","1,721.80"
2020/5/8,"1,728.90","1,703.80","1,709.90"
2020/5/11,"1,704.50","1,690.20","1,695.30"
2020/5/12,"1,713.10","1,699.30","1,704.40"
2020/5/13,"1,721.30","1,701.90","1,713.90"
2020/5/14,"1,743.10","1,720.50","1,738.10"
2020/5/15,"1,753.40","1,739.70","1,753.40"
2020/5/18,"1,770.50","1,731.80","1,731.80"
2020/5/19,"1,749.50","1,744.20","1,744.20"
2020/5/20,"1,752.10","1,745.60","1,750.60"
2020/5/21,"1,746.80","1,720.50","1,720.50"
2020/5/22,"1,734.60","1,726.60","1,734.60"
2020/5/26,"1,726.40","1,704.80","1,704.80"
2020/5/27,"1,710.30","1,685.60","1,710.30"
2020/5/28,"1,727.80","1,705.00","1,713.30"
2020/5/29,"1,738.30","1,715.10","1,736.90"
2020/6/1,"1,747.00","1,727.10","1,737.80"
2020/6/2,"1,745.50","1,721.80","1,725.20"
2020/6/3,"1,726.30","1,684.50","1,697.80"
2020/6/4,"1,718.90","1,694.50","1,718.90"
2020/6/5,"1,711.80","1,668.60","1,676.20"
2020/6/8,"1,699.40","1,675.90","1,698.30"
2020/6/9,"1,720.90","1,692.00","1,714.70"
2020/6/10,"1,740.80","1,711.90","1,713.30"
2020/6/11,"1,744.10","1,720.00","1,732.00"
2020/6/12,"1,743.00","1,724.90","1,729.30"
2020/6/15,"1,730.00","1,703.30","1,720.30"
2020/6/16,"1,729.60","1,722.40","1,729.60"
2020/6/17,"1,729.20","1,714.70","1,729.20"
2020/6/18,"1,734.10","1,717.30","1,724.80"
2020/6/19,"1,750.70","1,723.50","1,745.90"
2020/6/22,"1,767.60","1,750.50","1,756.70"
2020/6/23,"1,776.30","1,754.20","1,772.10"
2020/6/24,"1,783.10","1,764.50","1,765.80"
2020/6/25,"1,764.80","1,759.80","1,762.10"
2020/6/26,"1,772.50","1,764.70","1,772.50"
2020/6/29,"1,780.20","1,774.30","1,774.80"
2020/6/30,"1,793.20","1,774.40","1,793.00"
2020/7/1,"1,798.00","1,765.80","1,773.20"
2020/7/2,"1,784.00","1,768.70","1,784.00"
2020/7/6,"1,790.10","1,788.20","1,788.50"
2020/7/7,"1,804.20","1,783.30","1,804.20"
2020/7/8,"1,817.90","1,801.50","1,815.50"
2020/7/9,"1,819.80","1,799.20","1,799.20"
2020/7/10,"1,805.50","1,797.70","1,798.20"
2020/7/13,"1,811.00","1,805.00","1,811.00"
2020/7/14,"1,811.50","1,791.00","1,810.60"
2020/7/15,"1,813.50","1,806.10","1,811.40"
2020/7/16,"1,810.90","1,794.30","1,798.70"
2020/7/17,"1,810.10","1,798.50","1,808.30"
2020/7/20,"1,817.30","1,807.00","1,815.90"
2020/7/21,"1,842.40","1,822.00","1,842.40"
2020/7/22,"1,867.00","1,854.70","1,864.10"
2020/7/23,"1,890.30","1,868.50","1,889.10"
2020/7/24,"1,897.30","1,884.30","1,897.30"
2020/7/27,"1,938.00","1,901.50","1,931.00"
2020/7/28,"1,944.70","1,928.60","1,944.70"
2020/7/29,"1,953.50","1,952.60","1,953.50"
2020/7/30,"1,965.10","1,930.00","1,942.30"
2020/7/31,"1,981.10","1,948.00","1,962.80"
2020/8/3,"1,984.30","1,955.50","1,966.00"
2020/8/4,"2,016.20","1,968.80","2,001.20"
2020/8/5,"2,050.20","2,011.00","2,031.10"
2020/8/6,"2,063.00","2,040.00","2,051.50"
2020/8/7,"2,055.00","2,009.60","2,010.10"
2020/8/10,"2,043.80","2,017.50","2,024.40"
2020/8/11,"2,016.00","1,904.00","1,932.60"
2020/8/12,"1,946.60","1,871.60","1,934.90"
2020/8/13,"1,957.40","1,916.90","1,956.70"
2020/8/14,"1,947.40","1,937.00","1,937.00"
2020/8/17,"1,985.00","1,949.60","1,985.00"
2020/8/18,"2,002.80","1,972.10","1,999.40"
2020/8/19,"1,980.00","1,938.70","1,958.70"
2020/8/20,"1,948.30","1,922.30","1,933.80"
2020/8/21,"1,945.00","1,908.90","1,934.60"
2020/8/24,"1,940.00","1,922.20","1,927.70"
2020/8/25,"1,928.50","1,911.80","1,911.80"
2020/8/26,"1,950.80","1,909.70","1,940.70"
2020/8/27,"1,972.50","1,921.60","1,921.60"
2020/8/28,"1,971.30","1,922.50","1,964.60"
2020/8/31,"1,971.30","1,953.30","1,967.60"
2020/9/1,"1,986.30","1,961.70","1,968.20"
2020/9/2,"1,967.30","1,934.40","1,934.40"
2020/9/3,"1,938.80","1,923.00","1,927.60"
2020/9/4,"1,939.70","1,917.70","1,923.90"
2020/9/8,"1,937.90","1,903.10","1,933.00"
2020/9/9,"1,946.20","1,924.60","1,944.70"
2020/9/10,"1,962.70","1,944.10","1,954.20"
2020/9/11,"1,949.50","1,937.80","1,937.80"
2020/9/14,"1,953.10","1,943.00","1,953.10"
2020/9/15,"1,968.50","1,955.80","1,956.30"
2020/9/16,"1,961.40","1,956.70","1,960.20"
2020/9/17,"1,946.00","1,933.70","1,940.00"
2020/9/18,"1,952.10","1,949.00","1,952.10"
2020/9/21,"1,946.20","1,883.40","1,901.20"
2020/9/22,"1,913.10","1,898.60","1,898.60"
2020/9/23,"1,875.50","1,859.90","1,859.90"
2020/9/24,"1,868.30","1,851.50","1,868.30"
2020/9/25,"1,857.70","1,856.30","1,857.70"
2020/9/28,"1,872.80","1,872.80","1,872.80"
2020/9/29,"1,895.40","1,872.40","1,894.30"
2020/9/30,"1,899.70","1,879.80","1,887.50"
2020/10/1,"1,909.60","1,882.50","1,908.40"
2020/10/2,"1,913.00","1,893.90","1,900.20"
2020/10/5,"1,915.60","1,884.70","1,912.50"
2020/10/6,"1,918.00","1,874.40","1,901.10"
2020/10/7,"1,889.80","1,873.10","1,883.60"
2020/10/8,"1,893.00","1,882.70","1,888.60"
2020/10/9,"1,929.10","1,905.10","1,919.50"
2020/10/12,"1,926.50","1,921.60","1,922.50"
2020/10/13,"1,922.20","1,887.00","1,888.50"
2020/10/14,"1,910.80","1,882.50","1,901.30"
2020/10/15,"1,906.30","1,889.60","1,903.20"
2020/10/16,"1,900.80","1,898.50","1,900.80"
2020/10/19,"1,907.80","1,899.50","1,906.40"
2020/10/20,"1,910.40","1,896.10","1,910.40"
2020/10/21,"1,927.30","1,913.60","1,924.60"
2020/10/22,"1,924.30","1,898.20","1,901.10"
2020/10/23,"1,913.30","1,896.20","1,902.00"
2020/10/26,"1,907.00","1,893.50","1,902.70"
2020/10/27,"1,908.80","1,904.40","1,908.80"
2020/10/28,"1,876.20","1,870.90","1,876.20"
2020/10/29,"1,879.80","1,858.80","1,865.60"
2020/10/30,"1,886.60","1,862.80","1,877.40"
2020/11/2,"1,894.70","1,872.90","1,890.40"
2020/11/3,"1,908.50","1,891.50","1,908.50"
2020/11/4,"1,907.00","1,885.30","1,894.60"
2020/11/5,"1,948.00","1,901.70","1,945.30"
2020/11/6,"1,958.80","1,940.80","1,950.30"
2020/11/9,"1,963.20","1,847.10","1,853.20"
2020/11/10,"1,885.30","1,871.20","1,875.40"
2020/11/11,"1,878.80","1,855.50","1,860.70"
2020/11/12,"1,878.50","1,866.60","1,872.60"
2020/11/13,"1,890.10","1,876.80","1,885.70"
2020/11/16,"1,887.30","1,871.00","1,887.30"
2020/11/17,"1,888.40","1,884.50","1,884.50"
2020/11/18,"1,873.50","1,873.50","1,873.50"
2020/11/19,"1,865.80","1,856.00","1,861.10"
2020/11/20,"1,872.60","1,871.20","1,872.60"
2020/11/23,"1,837.80","1,829.20","1,837.80"
2020/11/24,"1,829.30","1,799.30","1,804.80"
2020/11/25,"1,805.70","1,801.40","1,805.70"
2020/11/27,"1,817.00","1,770.70","1,781.90"
2020/11/30,"1,787.20","1,762.30","1,775.70"
2020/12/1,"1,815.90","1,774.90","1,814.10"
2020/12/2,"1,830.00","1,807.80","1,825.70"
2020/12/3,"1,842.00","1,825.30","1,836.80"
2020/12/4,"1,847.60","1,828.20","1,835.90"
2020/12/7,"1,866.90","1,820.80","1,861.80"
2020/12/8,"1,875.80","1,861.80","1,870.80"
2020/12/9,"1,867.10","1,827.00","1,834.60"
2020/12/10,"1,849.10","1,828.00","1,833.60"
2020/12/11,"1,846.00","1,829.10","1,839.80"
2020/12/14,"1,835.70","1,822.70","1,828.70"
2020/12/15,"1,853.60","1,833.20","1,852.30"
2020/12/16,"1,864.70","1,850.50","1,856.10"
2020/12/17,"1,896.20","1,874.20","1,887.20"
2020/12/18,"1,889.50","1,882.30","1,885.70"
2020/12/21,"1,908.00","1,869.10","1,879.20"
2020/12/22,"1,882.20","1,861.00","1,866.60"
2020/12/23,"1,878.80","1,864.50","1,874.70"
2020/12/24,"1,879.90","1,875.70","1,879.90"
2020/12/28,"1,895.80","1,873.70","1,877.20"
2020/12/29,"1,881.30","1,879.70","1,879.70"
2020/12/30,"1,895.80","1,877.30","1,891.00"
2020/12/31,"1,901.30","1,892.70","1,893.10"
2021/1/4,"1,945.10","1,912.20","1,944.70"
2021/1/5,"1,952.70","1,941.30","1,952.70"
2021/1/6,"1,959.90","1,901.50","1,906.90"
2021/1/7,"1,926.70","1,912.00","1,912.30"
2021/1/8,"1,908.00","1,834.10","1,834.10"
2021/1/11,"1,849.60","1,826.50","1,849.60"
2021/1/12,"1,859.70","1,839.40","1,842.90"
2021/1/13,"1,858.60","1,853.60","1,853.60"
2021/1/14,"1,850.70","1,836.70","1,850.30"
2021/1/15,"1,829.40","1,825.00","1,829.30"
2021/1/19,"1,842.90","1,802.00","1,839.50"
2021/1/20,"1,866.60","1,844.40","1,865.90"
2021/1/21,"1,868.00","1,865.30","1,865.30"
2021/1/22,"1,855.70","1,852.70","1,855.70"
2021/1/25,"1,864.70","1,851.80","1,854.90"
2021/1/26,"1,855.80","1,850.70","1,850.70"
2021/1/27,"1,844.90","1,844.90","1,844.90"
2021/1/28,"1,862.90","1,831.50","1,837.90"
2021/1/29,"1,876.00","1,838.70","1,847.30"
2021/2/1,"1,871.90","1,850.00","1,860.80"
2021/2/2,"1,861.30","1,827.60","1,830.50"
2021/2/3,"1,842.40","1,829.80","1,832.20"
2021/2/4,"1,832.20","1,782.80","1,788.90"
2021/2/5,"1,813.50","1,790.90","1,810.90"
2021/2/8,"1,836.70","1,809.00","1,831.90"
2021/2/9,"1,843.30","1,830.70","1,835.30"
2021/2/10,"1,851.10","1,837.00","1,840.60"
2021/2/11,"1,845.00","1,820.90","1,824.90"
2021/2/12,"1,827.50","1,809.20","1,821.60"
2021/2/16,"1,823.40","1,787.30","1,797.20"
2021/2/17,"1,789.70","1,768.80","1,771.10"
2021/2/18,"1,784.60","1,766.00","1,773.40"
2021/2/19,"1,787.60","1,764.30","1,775.80"
2021/2/22,"1,807.80","1,784.00","1,806.70"
2021/2/23,"1,811.30","1,796.40","1,804.40"
2021/2/24,"1,805.80","1,796.40","1,796.40"
2021/2/25,"1,802.00","1,766.70","1,774.40"
2021/2/26,"1,768.20","1,718.80","1,728.10"
2021/3/1,"1,747.00","1,720.30","1,722.50"
2021/3/2,"1,733.10","1,708.70","1,733.10"
2021/3/3,"1,732.40","1,703.50","1,715.30"
2021/3/4,"1,717.40","1,700.20","1,700.20"
2021/3/5,"1,701.00","1,685.00","1,698.00"
2021/3/8,"1,705.40","1,673.70","1,677.70"
2021/3/9,"1,717.50","1,685.20","1,716.60"
2021/3/10,"1,722.90","1,711.00","1,721.50"
2021/3/11,"1,737.50","1,720.20","1,722.30"
2021/3/12,"1,722.50","1,699.00","1,719.50"
2021/3/15,"1,731.90","1,722.80","1,728.90"
2021/3/16,"1,733.90","1,726.00","1,730.60"
2021/3/17,"1,750.10","1,725.60","1,726.80"
2021/3/18,"1,750.30","1,721.80","1,732.20"
2021/3/19,"1,742.20","1,733.60","1,741.40"
2021/3/22,"1,737.80","1,737.80","1,737.80"
2021/3/23,"1,724.70","1,724.70","1,724.70"
2021/3/24,"1,732.90","1,727.50","1,732.90"
2021/3/25,"1,733.20","1,724.50","1,724.90"
2021/3/26,"1,732.20","1,721.30","1,732.20"
2021/3/29,"1,712.10","1,712.10","1,712.10"
2021/3/30,"1,712.60","1,676.50","1,683.90"
2021/3/31,"1,713.80","1,676.50","1,713.80"
2021/4/1,"1,728.80","1,706.40","1,726.50"
2021/4/5,"1,729.70","1,721.90","1,727.00"
2021/4/6,"1,744.80","1,726.90","1,741.50"
2021/4/7,"1,742.70","1,733.70","1,740.10"
2021/4/8,"1,758.00","1,734.60","1,756.80"
2021/4/9,"1,750.80","1,733.30","1,743.30"
2021/4/12,"1,740.80","1,726.70","1,731.20"
2021/4/13,"1,746.90","1,722.10","1,746.20"
2021/4/14,"1,745.90","1,732.70","1,734.90"
2021/4/15,"1,767.90","1,740.10","1,765.40"
2021/4/16,"1,779.50","1,770.10","1,779.00"
2021/4/19,"1,788.50","1,769.40","1,769.40"
2021/4/20,"1,777.30","1,765.50","1,777.30"
2021/4/21,"1,794.10","1,777.70","1,792.30"
2021/4/22,"1,794.20","1,779.50","1,781.20"
2021/4/23,"1,794.50","1,772.00","1,777.00"
2021/4/26,"1,779.70","1,770.80","1,779.20"
2021/4/27,"1,782.00","1,777.70","1,778.00"
2021/4/28,"1,774.00","1,764.60","1,773.20"
2021/4/29,"1,789.00","1,758.60","1,768.10"
2021/4/30,"1,771.80","1,763.90","1,767.30"
2021/5/3,"1,793.00","1,788.50","1,791.40"
2021/5/4,"1,788.50","1,774.80","1,775.80"
2021/5/5,"1,784.10","1,779.20","1,784.10"
2021/5/6,"1,815.50","1,787.60","1,815.50"
2021/5/7,"1,842.90","1,831.10","1,831.10"
2021/5/10,"1,845.60","1,835.40","1,837.50"
2021/5/11,"1,838.10","1,831.60","1,835.90"
2021/5/12,"1,825.20","1,821.70","1,822.60"
2021/5/13,"1,826.80","1,814.10","1,823.80"
2021/5/14,"1,842.90","1,824.50","1,837.90"
2021/5/17,"1,867.50","1,847.20","1,867.50"
2021/5/18,"1,870.50","1,867.80","1,867.80"
2021/5/19,"1,884.90","1,863.60","1,881.30"
2021/5/20,"1,885.00","1,864.80","1,881.80"
2021/5/21,"1,876.70","1,872.10","1,876.70"
2021/5/24,"1,884.60","1,882.10","1,884.60"
2021/5/25,"1,898.10","1,882.50","1,898.10"
2021/5/26,"1,901.30","1,901.30","1,901.30"
2021/5/27,"1,903.90","1,888.20","1,895.70"
2021/5/28,"1,905.40","1,881.90","1,902.50"
2021/6/1,"1,916.20","1,892.80","1,902.90"
2021/6/2,"1,908.80","1,896.00","1,907.50"
2021/6/3,"1,908.80","1,865.00","1,871.20"
2021/6/4,"1,895.50","1,854.00","1,889.80"
2021/6/7,"1,899.70","1,883.20","1,896.80"
2021/6/8,"1,902.90","1,890.00","1,892.20"
2021/6/9,"1,897.70","1,889.20","1,893.20"
2021/6/10,"1,899.80","1,871.50","1,894.20"
2021/6/11,"1,902.30","1,875.20","1,877.40"
2021/6/14,"1,866.60","1,846.50","1,864.00"
2021/6/15,"1,867.20","1,854.40","1,854.50"
2021/6/16,"1,860.10","1,809.20","1,859.50"
2021/6/17,"1,823.30","1,769.60","1,773.80"
2021/6/18,"1,792.40","1,767.90","1,767.90"
2021/6/21,"1,785.20","1,766.80","1,781.80"
2021/6/22,"1,786.90","1,775.90","1,776.30"
2021/6/23,"1,793.20","1,780.60","1,782.30"
2021/6/24,"1,786.40","1,775.60","1,775.60"
2021/6/25,"1,788.00","1,775.20","1,776.60"
2021/6/28,"1,779.60","1,779.60","1,779.60"
2021/6/29,"1,777.10","1,752.10","1,762.80"
2021/6/30,"1,770.80","1,759.20","1,770.80"
2021/7/1,"1,781.20","1,768.80","1,775.90"
2021/7/2,"1,787.90","1,778.30","1,782.60"
2021/7/6,"1,809.80","1,786.70","1,793.50"
2021/7/7,"1,808.40","1,797.20","1,801.50"
2021/7/8,"1,818.50","1,797.00","1,799.60"
2021/7/9,"1,810.10","1,798.80","1,810.00"
2021/7/12,"1,805.50","1,799.50","1,805.50"
2021/7/13,"1,812.00","1,800.60","1,809.40"
2021/7/14,"1,829.00","1,813.10","1,824.30"
2021/7/15,"1,833.00","1,823.40","1,828.40"
2021/7/16,"1,831.40","1,814.50","1,814.50"
2021/7/19,"1,813.40","1,803.30","1,808.70"
2021/7/20,"1,824.00","1,810.90","1,810.90"
2021/7/21,"1,807.00","1,800.00","1,802.90"
2021/7/22,"1,805.00","1,793.60","1,805.00"
2021/7/23,"1,801.40","1,800.00","1,801.40"
2021/7/26,"1,802.50","1,797.20","1,798.70"
2021/7/27,"1,803.70","1,799.50","1,799.50"
2021/7/28,"1,799.50","1,799.50","1,799.50"
2021/7/29,"1,832.60","1,806.10","1,831.20"
2021/7/30,"1,830.50","1,808.90","1,812.60"
2021/8/2,"1,818.70","1,804.80","1,818.10"
2021/8/3,"1,813.50","1,806.00","1,810.10"
2021/8/4,"1,831.30","1,806.30","1,810.50"
2021/8/5,"1,813.70","1,796.00","1,805.10"
2021/8/6,"1,800.10","1,758.40","1,760.00"
2021/8/9,"1,753.80","1,692.60","1,723.40"
2021/8/10,"1,735.20","1,720.10","1,728.80"
2021/8/11,"1,752.20","1,727.30","1,750.40"
2021/8/12,"1,752.40","1,745.50","1,749.00"
2021/8/13,"1,777.30","1,757.40","1,775.20"
2021/8/16,"1,787.80","1,771.90","1,786.90"
2021/8/17,"1,794.20","1,780.00","1,785.00"
2021/8/18,"1,791.50","1,779.00","1,781.60"
2021/8/19,"1,789.30","1,775.50","1,780.20"
2021/8/20,"1,787.50","1,778.20","1,781.00"
2021/8/23,"1,804.80","1,776.80","1,803.20"
2021/8/24,"1,805.60","1,801.00","1,805.60"
2021/8/25,"1,792.90","1,784.00","1,788.20"
2021/8/26,"1,792.20","1,781.00","1,792.20"
2021/8/27,"1,816.60","1,803.10","1,816.60"
2021/8/30,"1,820.30","1,807.80","1,809.00"
2021/8/31,"1,815.90","1,801.10","1,815.00"
2021/9/1,"1,815.90","1,809.50","1,813.10"
2021/9/2,"1,813.90","1,806.80","1,808.70"
2021/9/3,"1,833.90","1,818.90","1,830.90"
2021/9/7,"1,825.70","1,792.70","1,795.90"
2021/9/8,"1,790.70","1,781.70","1,790.70"
2021/9/9,"1,798.70","1,787.90","1,797.40"
2021/9/10,"1,789.60","1,789.60","1,789.60"
2021/9/13,"1,796.00","1,784.00","1,792.00"
2021/9/14,"1,806.20","1,783.00","1,804.70"
2021/9/15,"1,803.70","1,792.40","1,792.40"
2021/9/16,"1,792.90","1,743.90","1,754.60"
2021/9/17,"1,763.00","1,749.40","1,749.40"
2021/9/20,"1,761.80","1,750.90","1,761.80"
2021/9/21,"1,776.00","1,759.00","1,776.00"
2021/9/22,"1,784.30","1,767.00","1,776.70"
2021/9/23,"1,766.80","1,738.20","1,747.70"
2021/9/24,"1,749.70","1,745.00","1,749.70"
2021/9/27,"1,754.40","1,747.50","1,750.00"
2021/9/28,"1,741.70","1,726.80","1,735.80"
2021/9/29,"1,744.10","1,721.40","1,721.50"
2021/9/30,"1,760.30","1,724.50","1,755.30"
2021/10/1,"1,762.60","1,748.50","1,757.00"
2021/10/4,"1,768.90","1,749.50","1,766.20"
2021/10/5,"1,764.30","1,749.00","1,759.60"
2021/10/6,"1,762.90","1,744.70","1,760.50"
2021/10/7,"1,762.40","1,752.80","1,757.90"
2021/10/8,"1,780.00","1,754.20","1,756.30"
2021/10/11,"1,757.80","1,752.20","1,754.60"
2021/10/12,"1,768.00","1,749.80","1,758.30"
2021/10/13,"1,794.50","1,760.80","1,793.70"
2021/10/14,"1,799.90","1,792.00","1,796.70"
2021/10/15,"1,795.40","1,766.60","1,767.20"
2021/10/18,"1,770.10","1,759.50","1,764.80"
2021/10/19,"1,785.00","1,767.50","1,769.70"
2021/10/20,"1,785.60","1,774.00","1,784.10"
2021/10/21,"1,785.70","1,781.00","1,781.20"
2021/10/22,"1,806.90","1,784.00","1,795.50"
2021/10/25,"1,809.00","1,794.00","1,806.00"
2021/10/26,"1,808.80","1,788.60","1,792.70"
2021/10/27,"1,798.10","1,791.50","1,797.90"
2021/10/28,"1,807.30","1,795.50","1,801.60"
2021/10/29,"1,797.00","1,774.60","1,783.00"
2021/11/1,"1,795.10","1,786.70","1,795.10"
2021/11/2,"1,795.50","1,787.70","1,788.70"
2021/11/3,"1,768.00","1,761.80","1,763.60"
2021/11/4,"1,798.20","1,776.20","1,793.00"
2021/11/5,"1,817.10","1,794.90","1,816.40"
2021/11/8,"1,827.40","1,816.90","1,827.40"
2021/11/9,"1,832.70","1,820.70","1,830.20"
2021/11/10,"1,865.00","1,824.90","1,847.60"
2021/11/11,"1,866.50","1,853.90","1,863.20"
2021/11/12,"1,867.90","1,847.60","1,867.90"
2021/11/15,"1,866.90","1,864.50","1,866.10"
2021/11/16,"1,853.60","1,853.60","1,853.60"
2021/11/17,"1,869.70","1,862.60","1,869.70"
2021/11/18,"1,861.00","1,861.00","1,861.00"
2021/11/19,"1,851.20","1,851.20","1,851.20"
2021/11/22,"1,841.60","1,805.70","1,806.00"
2021/11/23,"1,795.50","1,783.50","1,783.50"
2021/11/24,"1,793.00","1,781.40","1,784.10"
2021/11/25,"1,791.40","1,791.10","1,791.40"
2021/11/26,"1,791.40","1,785.30","1,785.30"
2021/11/29,"1,798.90","1,779.10","1,782.30"
2021/11/30,"1,808.10","1,768.70","1,773.60"
2021/12/1,"1,790.50","1,772.30","1,781.60"
2021/12/2,"1,780.90","1,760.60","1,760.70"
2021/12/3,"1,785.10","1,766.50","1,782.00"
2021/12/6,"1,783.00","1,777.20","1,777.50"
2021/12/7,"1,786.10","1,772.30","1,782.60"
2021/12/8,"1,789.90","1,779.00","1,783.40"
2021/12/9,"1,783.50","1,771.80","1,774.60"
2021/12/10,"1,785.40","1,769.10","1,782.90"
2021/12/13,"1,787.10","1,783.80","1,786.30"
2021/12/14,"1,787.00","1,769.00","1,770.40"
2021/12/15,"1,778.70","1,753.90","1,762.60"
2021/12/16,"1,798.10","1,781.00","1,796.60"
2021/12/17,"1,812.90","1,803.80","1,803.80"
2021/12/20,"1,799.80","1,792.00","1,793.70"
2021/12/21,"1,796.50","1,787.90","1,787.90"
2021/12/22,"1,805.20","1,785.50","1,801.60"
2021/12/23,"1,811.20","1,800.80","1,811.20"
2021/12/27,"1,812.10","1,807.00","1,808.10"
2021/12/28,"1,818.00","1,805.50","1,810.20"
2021/12/29,"1,805.10","1,791.40","1,805.10"
2021/12/30,"1,816.00","1,796.00","1,812.70"
2021/12/31,"1,827.80","1,821.40","1,827.50"